t,N_A,N_B,N_P
100.0,0.49781197921961545,0.6544440226216519,0.20713750414358306
200.0,0.4331179528363056,0.6825587468554425,0.22342387239101064
300.0,0.5125167268060868,0.7364681228171575,0.2410675056316914
400.0,0.5651261152513246,0.7280037343312882,0.2268276533788173
500.0,0.4864279304601779,0.5513641697602031,0.18542505123545777
600.0,0.4770826115928385,0.4973843714324978,0.19472611367951276
700.0,0.5018816885396693,0.476234094712369,0.24256117670242267
800.0,0.46437006582064716,0.4709258824943715,0.1969924476758913
900.0,0.6626282735302236,0.5828597931660426,0.224518609991386
1000.0,0.6983241133982876,0.6814825856723496,0.33648472860208134
1100.0,0.4596674499970552,0.39976720779304376,0.24584909676842334
1200.0,0.6531663387366603,0.8162258675590897,0.2764036551322597
1300.0,0.5268417552301431,0.5495957137151877,0.23456147472911654
1400.0,0.45148878559669586,0.5563996133193883,0.183730639823003
1500.0,0.5456508580923228,0.555242295015245,0.30124373995877296
1600.0,0.5073545057163391,0.8107411614211278,0.2637618806841079
1700.0,0.4874715769023469,0.6528210478950058,0.2747492051916552
1800.0,0.55587820746753,0.8129070101741135,0.26654821052405164
1900.0,0.5829300233199497,0.5632455473924434,0.28850663656824194
2000.0,0.4736521838050439,0.5245396742939429,0.20253227608793534
2100.0,0.5974805024333881,0.6688171436963293,0.2855900007371269
2200.0,0.5034962700938158,0.6572308943179805,0.21396899621830015
2300.0,0.6584953361068029,0.7111240112435361,0.24739322827438898
2400.0,0.6344041523771785,0.5355236340059027,0.2800277702182311
2500.0,0.5423848380445524,0.6067812227901086,0.2720156231958081
2600.0,0.46990996750303565,0.5364180767929365,0.22301535690867608
2700.0,0.39864947997950634,0.35874379861743727,0.24311216944892386
2800.0,0.4188076948089693,0.5144327734105827,0.23460537772344922
2900.0,0.4992357323965062,0.5802291595249273,0.21215425960541143
3000.0,0.4727065523864658,0.4246434381460039,0.21782410155276105
3100.0,0.5155608467142765,0.577152139322895,0.22537135876766481
3200.0,0.4560234414463357,0.5078019309883648,0.25862566071321363
3300.0,0.5974564299976256,0.4687313975540183,0.2354452394501477
3400.0,0.5293224255129662,0.6748865844227202,0.2454480098336198
3500.0,0.44783251242307687,0.8173648072619407,0.21320321508116194
3600.0,0.5158379179830199,0.5376034476726345,0.21795022259640975
3700.0,0.660803053025892,0.9084323175508142,0.2824686566768496
3800.0,0.4713982808411865,0.6881224666143779,0.19543238227178153
3900.0,0.4128531933912127,0.7626641887125688,0.2657349018705245
4000.0,0.559670388482492,0.6314617246212875,0.22881254776064544
4100.0,0.5445065693024345,0.658663844465209,0.30719315954631843
4200.0,0.6300575791788742,0.5430478418769343,0.2403278478623397
4300.0,0.5709690444794596,0.4903747629301888,0.2810895844252081
4400.0,0.521621335506883,0.5464283302877156,0.2574859663708703
4500.0,0.5667108698515695,0.6298235511067343,0.19739325314645792
4600.0,0.48026317743241276,1.012284741981035,0.2378021938009988
4700.0,0.48466035587919587,0.7445072155725029,0.2169673955083399
4800.0,0.556657172646388,0.9866656563555407,0.19296713498341342
4900.0,0.5171768310295465,1.0178055463697293,0.264421386908125
5000.0,0.5485239449101482,0.6433653992901854,0.2871750388448563
5100.0,0.43318199622034986,0.9289642456091805,0.22248716769812563
5200.0,0.5306105981979617,0.7340354300755316,0.2204569791507165
5300.0,0.5374008313563663,0.6324994703725315,0.2421336887501729
5400.0,0.5129266279231052,0.4353260986408604,0.2746584425880446
5500.0,0.5685773001824509,0.5255667066522347,0.2835310554640964
5600.0,0.667730167700951,0.6626383785857451,0.26676807770383126
5700.0,0.614776616917019,0.46756338027360844,0.28178676427229227
5800.0,0.5454916600549896,0.43596432047610145,0.23366683464231208
5900.0,0.5351422762995843,0.5921695524144724,0.22699509531439252
6000.0,0.519856608330674,0.6578274761572247,0.26095324979343965
6100.0,0.5619662647592413,0.7640783057566368,0.26002545818896944
6200.0,0.3904172136015968,0.41538299563902187,0.218480627007526
6300.0,0.5366880787284718,0.8290156103206282,0.3067681537333647
6400.0,0.5591539190769164,0.6585952350121478,0.21057507333342257
6500.0,0.5534482925291814,0.7428465304874152,0.2581408152907261
6600.0,0.4630860881679128,0.5045707867324964,0.2261378407446209
6700.0,0.6297732603281893,0.5485989645749177,0.26924310279855124
6800.0,0.4604491335712865,0.37988907831685353,0.20797018500010198
6900.0,0.6375278912357025,0.49600458931395225,0.2680304425680843
7000.0,0.5084192547188777,0.6196112220673695,0.2519621572362903
7100.0,0.4613347257829192,0.665268022706412,0.23249859354434554
7200.0,0.6045054732920017,1.1688234428694413,0.2837258659496511
7300.0,0.4953731962375459,0.5611679308278926,0.23024663162517206
7400.0,0.44875476187990715,0.6052251887853618,0.26827502710971385
7500.0,0.6460378316469196,0.7974195889827261,0.32850623074317087
7600.0,0.4813673150977083,0.3838708320209207,0.21620619216292472
7700.0,0.5569406185969765,0.6721589523656895,0.2163996681559893
7800.0,0.5197321483297783,0.550744233449268,0.24586281355236134
7900.0,0.6295910137037753,0.8863003405346662,0.25297986972149555
8000.0,0.5364359570468842,0.806781425251831,0.27093278157621714
8100.0,0.552804366164626,0.713565760672922,0.25056103804495433
8200.0,0.6667955301602195,0.6998496861428357,0.31776673491265867
8300.0,0.432796086030743,0.6434470477014875,0.19825576603261652
8400.0,0.4632649467919328,0.6685934482724114,0.24756681156491323
8500.0,0.5277870540439326,0.8737135654705709,0.25776652884110807
8600.0,0.4881188505144092,0.752284121584049,0.22933972706147684
8700.0,0.3964299820847227,0.3695718232018226,0.19204078832661614
8800.0,0.4172318553188489,0.4154329651116786,0.26708434649620905
8900.0,0.5745394984299601,0.6963665639257015,0.25726254673723453
9000.0,0.4508381453674229,0.45562964922943505,0.19233271478852113
9100.0,0.46958100366482175,0.4789464711851433,0.23307350627229972
9200.0,0.539453748833912,1.098486435103499,0.331850914932631
9300.0,0.5411978422688952,0.673754232718933,0.2555951275771732
9400.0,0.573222402543448,0.692137681908589,0.26516486418327256
9500.0,0.4926262488356733,0.488733828866847,0.2411847127842957
9600.0,0.49862751923721954,0.754700658620186,0.28979769623583707
9700.0,0.5903556404931443,0.48441666762163005,0.2569445247417316
9800.0,0.42426033542102226,0.550589892619595,0.22741737366821693
9900.0,0.4927899684043987,0.6438546741935062,0.2138335863823595
10000.0,0.6285047266923538,0.850477085500588,0.24142898824588702
10100.0,0.5076164507353569,0.6077136581469095,0.25242966889541274
10200.0,0.6181383536659413,0.7678045092689791,0.23855446047167064
10300.0,0.6144879156458156,0.6548151976965274,0.20954529084016396
10400.0,0.5765947080125333,0.6752398330152355,0.2554192131591044
10500.0,0.4906733875746722,0.45136226075197916,0.2446780520478642
10600.0,0.5990856777702865,0.6892432672862305,0.2628183321810793
10700.0,0.5098165822842311,0.6458427687483672,0.24460855339994306
10800.0,0.5081937092071094,0.5779883574127271,0.2455180926475696
10900.0,0.5124633001300172,0.4849601599529197,0.24030587142847434
11000.0,0.49001694429585035,0.8541207988714087,0.1972211753009942
11100.0,0.5561706479117383,0.7813453803182056,0.25343527624739004
11200.0,0.612362082229658,0.8593336461939689,0.3263846420257069
11300.0,0.4582030987605249,0.7610239185157988,0.25731003799142127
11400.0,0.6124298639729749,0.7318883521503666,0.21359984191411785
11500.0,0.579623388775417,0.6946331914050934,0.24423406355261248
11600.0,0.49428644639893904,0.7083725861790591,0.23130071844255146
11700.0,0.46156711623732916,0.6827678432763495,0.20919054742490334
11800.0,0.4637671260839961,0.5994808967101382,0.22392903353471047
11900.0,0.5077389719562706,0.40385949047406394,0.22813952341882393
12000.0,0.6801679896712666,0.37047494682943216,0.21965910874634206
12100.0,0.41106859332838575,0.7929358435404138,0.21958869666314787
12200.0,0.44544879004182436,0.5970160964366223,0.18875025808290594
12300.0,0.46218181892306537,0.3780841780847477,0.29225576973927303
12400.0,0.5637225427815393,0.5520478377610635,0.28060736193342745
12500.0,0.5166713223606567,0.5170911219339177,0.2203806188046365
12600.0,0.5210700360393639,0.42067650370629045,0.23248086072150548
12700.0,0.5815513923259168,0.5930893422387126,0.3167966374452081
12800.0,0.576373094850027,0.5723085173527542,0.2766150013124788
12900.0,0.5974231966705702,0.7387336675388652,0.2686303210030637
13000.0,0.4990096934177382,0.6450443670966234,0.2560559936668469
13100.0,0.53663286893853,0.5464421614967868,0.21959298891516665
13200.0,0.6323236888352877,0.46134341818112806,0.2906324047246271
13300.0,0.5223573845382343,0.6388985383017025,0.26241142686274177
13400.0,0.6195573457343199,1.3095896449246174,0.2612497124578367
13500.0,0.46651574043773875,0.9040764505230472,0.19153314092674917
13600.0,0.6220821862962294,0.4383423097198902,0.2579740897386328
13700.0,0.4803387641517656,0.5502262894120867,0.21305697697518555
13800.0,0.7713253419044778,0.6410590919655479,0.28863545019672887
13900.0,0.5585915490514562,0.5909203617392886,0.28368790733551574
14000.0,0.5472481713532179,0.5375530426534715,0.23367992933585263
14100.0,0.5002698036341353,0.41023548702829427,0.21651040721866957
14200.0,0.5175998821147841,0.47212382411291404,0.2286128533837873
14300.0,0.5481665987070009,0.69007188431752,0.260262982084867
14400.0,0.6235883172019057,0.7389662321451469,0.32088962358163914
14500.0,0.49783778032690673,0.7935442892319552,0.21798889030171628
14600.0,0.4597297237312887,0.7568877058700345,0.21045015924134716
14700.0,0.7254028189132878,0.5839191129611281,0.34099365342302557
14800.0,0.4490428957061813,0.46298302309806605,0.18067884999230954
14900.0,0.5806963935995482,0.4482413296914056,0.2484000245069983
15000.0,0.5023397079474198,0.8023220208324018,0.28031467797868026
15100.0,0.5437454476560161,1.3835143567928643,0.2918809761868688
15200.0,0.5072076406971064,0.5899950019904281,0.2696123170100691
15300.0,0.5391299435449763,0.6365545828809445,0.254092817771354
15400.0,0.6006577982007766,0.7390075215073921,0.287714635298682
15500.0,0.5182897142250731,0.5314154538631701,0.2588098157588793
15600.0,0.5098102478427973,0.6992790125356659,0.25094054503468577
15700.0,0.46639139041414823,0.6990220501403164,0.2517704559021004
15800.0,0.4319839186219688,0.8679981888384465,0.24202783838833417
15900.0,0.5169055602820881,0.6810468582898247,0.29977755046616583
16000.0,0.4561194898551621,0.9206383378184875,0.22035665358412734
16100.0,0.7366457925331051,0.7260753378115951,0.30648974853400796
16200.0,0.5590182111375979,0.6470486362119046,0.22562850004657226
16300.0,0.48894424460265506,0.49606892949157916,0.18936552322410355
16400.0,0.4567141318014037,0.6028249264417682,0.2335264759228121
16500.0,0.48048713859088454,0.8094530873417097,0.23811613588659383
16600.0,0.6406136313109745,0.8764587443182901,0.296703067708746
16700.0,0.6421143271198088,0.608426767518562,0.2947938643552698
16800.0,0.5309531222610168,0.7288593957602498,0.2784050571230182
16900.0,0.5732108293937636,0.6430887040823874,0.30561123560989656
17000.0,0.5459369113940556,0.6709608264281269,0.23873938532297326
17100.0,0.4941498066002751,0.5809479534566199,0.2902868004275006
17200.0,0.5113443244028895,0.951607405341958,0.24466123816226176
17300.0,0.536291872086229,0.5606354832894431,0.2617834672798781
17400.0,0.5329736948779391,0.37604347333028276,0.22997187290043808
17500.0,0.48961688312958723,0.5585205908158531,0.25097045689720104
17600.0,0.5146503277681769,0.6289787848617199,0.20439803395372294
17700.0,0.5738306639417715,0.8395487446091503,0.24664804950153485
17800.0,0.5281844820062616,0.7854371807326752,0.2381329454716688
17900.0,0.534363612754656,0.6314493565834928,0.25338236727100594
18000.0,0.44524611836402617,0.6986080596158354,0.2280021133455521
18100.0,0.5276545593440024,0.9092442396339248,0.2804387679117426
18200.0,0.547522843619561,0.6831865947646002,0.25958236402487095
18300.0,0.45597403619866245,0.4979487980747945,0.2250142330521121
18400.0,0.5838911500656541,0.805065042799135,0.25985006341052214
18500.0,0.5105630075789013,0.5052473964097589,0.23717699230713332
18600.0,0.5882765135539011,0.8685661684657534,0.26178970812648916
18700.0,0.5024270222395862,0.5746537112563674,0.2215046725641296
18800.0,0.6302275519582909,0.963087331070863,0.2418999073298619
18900.0,0.645963021971962,0.8003667110719543,0.2915381203255528
19000.0,0.5433007309957975,0.5631219846263193,0.2564572079428835
19100.0,0.5218914277319928,0.6806238856941709,0.2558810875246345
19200.0,0.554488587121552,0.7885651785133522,0.2672820220115245
19300.0,0.5442969175469116,0.7583150782002922,0.24118719819935358
19400.0,0.4311897957027758,0.5124345546284385,0.29167472310971065
19500.0,0.48137309417643703,0.6739158884727002,0.23277075457332833
19600.0,0.5724392844362811,0.8321724647068185,0.25116836891953426
19700.0,0.6856332227226376,1.1939431123278044,0.24535010260932175
19800.0,0.4725471987249912,0.4979934137991659,0.2259577229531351
19900.0,0.5618838579268631,0.6229429213706899,0.24955403167724577
20000.0,0.4646075928281207,0.6714389736598605,0.20983706455656645
20100.0,0.5877217101490096,0.5530738590353212,0.26629260847356634
20200.0,0.43368469158063083,0.5126233343281565,0.20019940913466416
20300.0,0.5792517773460786,0.4444292285271077,0.23973026953684898
20400.0,0.5044929582185796,0.5807918018632044,0.23414988878279835
20500.0,0.5745815786487801,0.49202727567817056,0.2787075202985361
20600.0,0.49265473987339653,0.6923111598075993,0.2350236358344409
20700.0,0.6707901118893569,0.5246800923630508,0.22853838102781449
20800.0,0.5159103685639203,0.6022434401637946,0.21903502087096421
20900.0,0.5248383828477234,1.0350289530055814,0.29802234771769875
21000.0,0.5812266703935747,0.6341878924018455,0.2849380528208421
21100.0,0.5593010012660233,0.6906419254891225,0.26530244667665104
21200.0,0.4612713429793148,0.5669919078329912,0.23166884802082494
21300.0,0.5601575102069036,0.6555862668773771,0.26046178796625463
21400.0,0.4793603754546566,0.6200750623068234,0.22406334608691397
21500.0,0.6864769852212266,0.6739504404959588,0.34263017740298524
21600.0,0.5513873139967764,0.6897902960138672,0.2760542657600672
21700.0,0.49157007841554884,0.768673558312912,0.24229458199028892
21800.0,0.595247815675757,0.7253321704603367,0.2730291305492282
21900.0,0.628096269845053,0.9963788398711186,0.28266763395731687
22000.0,0.6141040472350141,0.8865813402282802,0.26222469289250877
22100.0,0.45332330006622945,0.6305838786508248,0.21647384127960687
22200.0,0.5727405741745023,0.8175495771319549,0.26068809366084317
22300.0,0.6268249154626974,0.7816420843422165,0.2660100023392442
22400.0,0.5594866844001809,0.7652703643908171,0.2782282881478095
22500.0,0.6131244661255331,0.634069288730876,0.25644929978688014
22600.0,0.46968686202348914,0.5220945194683954,0.2519922290754548
22700.0,0.571948664354095,0.6040069542472847,0.23485652093122916
22800.0,0.5013260697702936,0.5174870535814915,0.2573608501343624
22900.0,0.6530755850493297,0.7892464512373845,0.23481592306549284
23000.0,0.5767131958195459,0.5502875988512241,0.28451692775699483
23100.0,0.5583551427625935,0.5835308439046275,0.2699712736921356
23200.0,0.5525043207402051,0.5134569881089482,0.28955897739200737
23300.0,0.476606550505414,0.5707478520005898,0.24024789644508565
23400.0,0.45106039433361006,0.6119451952767486,0.2715781132810153
23500.0,0.5586508084185116,0.5359721793792998,0.22745007094687025
23600.0,0.5666114528089965,0.9233226199099154,0.31990721572247277
23700.0,0.6687111171578508,0.49760643431534113,0.3590181210303126
23800.0,0.6459419781006291,1.012410682931695,0.28639687638099715
23900.0,0.571344535125987,0.7159597711086899,0.26767766369481255
24000.0,0.5098867081347344,0.4789567434372147,0.2036480797508557
24100.0,0.6027075782030588,0.5337388049492511,0.2420574767609578
24200.0,0.44823900481643797,0.4421931184418281,0.24095447770378087
24300.0,0.46238161784128895,0.5571943547865885,0.24002266043106651
24400.0,0.49732050477855233,0.7474265619362049,0.2336356018458973
24500.0,0.5425529551989021,0.7092649631667227,0.29529725255620726
24600.0,0.6767491095293735,0.5224136240099833,0.25399406401531455
24700.0,0.5149891462151063,0.5421899488385314,0.2462315691938784
24800.0,0.4966010646064169,0.3430157977724375,0.20141476972817327
24900.0,0.635900072339391,0.4856914546043917,0.22058700749965646
25000.0,0.47682826505172127,0.650554896185,0.23417246095662997
25100.0,0.6519065026755998,0.9073138131955275,0.23699147198249557
25200.0,0.40961505594128533,0.5916977712567095,0.2199846090471838
25300.0,0.5351846752902784,0.9456304095735394,0.25046809144297005
25400.0,0.5085797448254671,0.5376077599399796,0.22890613455128186
25500.0,0.5453815490136186,0.7188318673889953,0.23329093663717507
25600.0,0.5336474772973743,0.5179883759880177,0.2569622955211744
25700.0,0.5269771687542233,0.8850429412262238,0.27540376918113907
25800.0,0.6413915637533791,0.5949347596323787,0.2686949478241295
25900.0,0.5282881421543062,0.7112227197423708,0.22539342511151333
26000.0,0.5286137131773939,0.6133872433022407,0.23254072396593256
26100.0,0.4825686251912484,0.614802757323676,0.22113649696629728
26200.0,0.48279009440005033,0.7161623526430194,0.23418157840915227
26300.0,0.6977068398823902,0.642397720117122,0.25305372208826155
26400.0,0.5235314886539272,0.792052299831521,0.24516256177553442
26500.0,0.5699974739512546,0.6427792835347208,0.2804291676418579
26600.0,0.5412031989498864,0.48180888659098126,0.2735695462230724
26700.0,0.5354524876581273,0.7348610546480849,0.23537499030047182
26800.0,0.4695166126507829,0.6081331797272869,0.2344646397571414
26900.0,0.5577495091098899,0.5248602959153287,0.24090328721367404
27000.0,0.582127192258915,0.6764115957666654,0.22153449481793358
27100.0,0.5599725899853293,0.5116043162984278,0.23467979094735342
27200.0,0.5551098796916341,0.7103454105597556,0.24361279092368932
27300.0,0.49278175761017334,0.7967555804942604,0.2706527588698227
27400.0,0.5044035337141831,0.5064191593424985,0.2378833202416427
27500.0,0.5565209934306476,0.5751361596088609,0.24437479735938542
27600.0,0.5240969869896944,0.5978126343938202,0.25864177041081715
27700.0,0.5910130991217593,0.895742572401199,0.262905617521501
27800.0,0.5273709249642343,0.5133290986964494,0.21248470453319895
27900.0,0.547640084880768,0.7806026025081446,0.30578092673305945
28000.0,0.5768360067215108,0.5136454084084398,0.2835173392845027
28100.0,0.8004795530511402,0.8577588367220814,0.2841384006483204
28200.0,0.5308978770286485,0.7096834620849404,0.2525288060373423
28300.0,0.5605891057749612,0.5495878988864206,0.2736129883150716
28400.0,0.4410279939587345,0.38724784827840625,0.24929964336428384
28500.0,0.5016438649583215,0.562016376380554,0.22777715113373415
28600.0,0.6283526206386596,0.5429111704636161,0.23469673311048242
28700.0,0.5600191740713053,0.4616339886159257,0.21053981034427122
28800.0,0.4545430984855484,0.45803969860950744,0.20371549087593302
28900.0,0.5629047187190517,0.8732364614742909,0.3280593369178678
29000.0,0.47411184794274597,0.6978022559307574,0.2162931575257244
29100.0,0.43412521512839886,0.5450821982400593,0.20190497589347797
29200.0,0.5015919965728026,0.8262165570493598,0.2592433872326728
29300.0,0.38590415642906006,0.6344951787584432,0.2469620713425611
29400.0,0.45568261782556513,0.5671128269039691,0.20798857050095104
29500.0,0.46658629409269636,0.7553258286533746,0.267663553735365
29600.0,0.5798944585561256,0.8698922023162086,0.25589580486309565
29700.0,0.5263721587251857,0.5009054029251347,0.23541839275782692
29800.0,0.5982549033213873,0.7455802067418482,0.2413157020427752
29900.0,0.5278652896197163,0.45806692274747185,0.2484688345961695
30000.0,0.45651841462941956,0.47949189725791797,0.23460786186176846
30100.0,0.5276175103975329,0.5610450480161817,0.2269243002269868
30200.0,0.4735431016548827,0.5055993266680306,0.21014166049464253
30300.0,0.45588615276093336,0.5141712708592749,0.24641642718812365
30400.0,0.49934884343043084,0.43261182078557614,0.20890884925275896
30500.0,0.5429274190588185,0.7745481280468304,0.239912274749011
30600.0,0.684921024899886,1.0003530778478307,0.2817578908817013
30700.0,0.7587659594771103,0.8835464597806348,0.3251177708588512
30800.0,0.4533654543265147,0.6026043025167092,0.25143729650659224
30900.0,0.5271035887160178,1.091874124649723,0.2609602417345086
31000.0,0.42347695812169694,0.6511113893291548,0.24948500950089508
31100.0,0.47452252184535604,0.6916621801074652,0.1911152724207859
31200.0,0.503524066017555,0.4226314585682195,0.2113090016673887
31300.0,0.5410483163444587,0.8472958551922565,0.244591434689959
31400.0,0.5896991772141045,1.149150641645989,0.2190292113089017
31500.0,0.644369921280013,0.8711588696699183,0.2574834869238039
31600.0,0.600225011198243,0.7751545243472865,0.26358302694747543
31700.0,0.6173959486352687,1.1202003813126502,0.2649330894139566
31800.0,0.7102319709416625,0.9272390952750502,0.32885380142091164
31900.0,0.4549843720915742,0.5447203890914534,0.24626633361834682
32000.0,0.4836327317137984,0.3759854012466749,0.22592243586466793
32100.0,0.565709508016902,0.5560287115027531,0.2610844603001169
32200.0,0.668891435955724,0.6462143827678883,0.28720885173130956
32300.0,0.6605977947261126,0.5668565430235031,0.241204744836039
32400.0,0.5624700672744585,0.6881068381807054,0.2876122386317656
32500.0,0.5539748392701295,0.5731071095754814,0.3059224786810519
32600.0,0.5051285387229727,0.45363591036837897,0.26925384604639113
32700.0,0.51517843612672,0.4878282816874198,0.24830008479722165
32800.0,0.48407918318478915,0.4437066853448778,0.23821223969197308
32900.0,0.49641600946692055,0.8877708013259544,0.2366461123464106
33000.0,0.5463169648151234,0.7835343242759263,0.27163662629443575
33100.0,0.5365235039904946,0.6230207464269333,0.25332130831091487
33200.0,0.5097090978647466,0.6053577304769715,0.22602081959198408
33300.0,0.6939983785742079,0.8821323041680443,0.26155319546692773
33400.0,0.49161972048622554,0.9120495474228665,0.25289518252371634
33500.0,0.631683467392606,0.960449425229861,0.26735319348494524
33600.0,0.49024097824086493,0.6090630142522278,0.2332750739632611
33700.0,0.6391907165385928,0.5570709028257552,0.25021900227105653
33800.0,0.5482671571128012,0.6341186901102337,0.26582018283601794
33900.0,0.5017994620030368,0.9628092360346198,0.2534913269882527
34000.0,0.5574620561130287,0.7150506781770674,0.22386528905855085
34100.0,0.5390902319781888,0.6495701947360795,0.22885501414367174
34200.0,0.4785732716509665,0.5952807267441385,0.23668271073949293
34300.0,0.6731734531398834,0.7917528711157356,0.3037005949218874
34400.0,0.46643417005230736,0.5297032641106344,0.21633858306994078
34500.0,0.5230269279101776,0.6007531031939143,0.22795841872278838
34600.0,0.5243301564309222,0.6130941331384239,0.2226096910530905
34700.0,0.5803781147253175,0.5549272188730683,0.2536817760468112
34800.0,0.7625748759911511,0.8559003376580805,0.2853753390746133
34900.0,0.6517492066573614,0.7868609550418478,0.2785815513521229
35000.0,0.5628786777471542,0.5607576117496939,0.24326566616442866
35100.0,0.49282855937562997,0.6585102845968795,0.2110689134113491
35200.0,0.6107334416058439,0.6031379485204235,0.27318919639084194
35300.0,0.4907512738549558,0.8728121332499722,0.24802423996893047
35400.0,0.582062939792595,0.6217800959745072,0.2608760738966812
35500.0,0.46055527283514675,0.5499587668342428,0.22805205992539412
35600.0,0.4777891438127117,0.5733319709347415,0.22323412269675463
35700.0,0.5068304468247515,0.5725264631955798,0.29107127124309773
35800.0,0.5321429256621486,0.6322127137912903,0.22206295987023622
35900.0,0.5611741161359387,0.7864642631879688,0.23369726769790575
36000.0,0.5023347165429731,0.6879317641710949,0.24949356362833353
36100.0,0.5954606624881855,0.6869922475002095,0.26177406312769746
36200.0,0.42486012131968165,0.3809266866947873,0.23460189656782315
36300.0,0.457842445626462,0.6505574578803934,0.23347728430530695
36400.0,0.552443127417806,1.0905081545349093,0.2531136461131537
36500.0,0.5927783574701025,0.6481769172355998,0.24918463725813486
36600.0,0.48521032315331103,0.5896243318747729,0.23594593668197922
36700.0,0.5539586414411897,0.5344941804109112,0.25172972446942
36800.0,0.5398089532915764,0.4941600080747449,0.25734993409698653
36900.0,0.6030257600847981,0.553482277645031,0.2734469824382395
37000.0,0.6590787675725296,0.6358665399592864,0.2968031771154347
37100.0,0.5141498966613435,0.5808407451456297,0.225739074347468
37200.0,0.5185276768097538,0.522563180981102,0.233125001729597
37300.0,0.47721046598345856,0.9147431331382977,0.18937943965544402
37400.0,0.47783750888792564,0.6802479636584031,0.24389716304100878
37500.0,0.49469359422673004,0.4982412735161633,0.2088400782757817
37600.0,0.6034321136128273,0.6806097669652227,0.25375915299923507
37700.0,0.49980355563483314,0.7203672580294807,0.2400723431033111
37800.0,0.4997165727686224,0.6516804713206656,0.3164471912217123
37900.0,0.494823765404668,0.7588204342970275,0.32321930144335786
38000.0,0.5207260378518404,0.8395742815882258,0.2751369389449537
38100.0,0.41750085538736315,0.5475269054199599,0.21600714086716472
38200.0,0.6899243746904249,0.5233765155282308,0.25896127461599827
38300.0,0.4760989264512755,0.5984804471356912,0.2112802925564174
38400.0,0.4948904047799442,0.8243936085927708,0.2347817700870801
38500.0,0.5671220158239157,0.6021954557712307,0.2639607435585349
38600.0,0.597485970914131,0.8828848177194596,0.2701867616349773
38700.0,0.6524960257503553,1.0072429155021527,0.26230111433967246
38800.0,0.6285264682031557,1.1347568868280213,0.24898781548335683
38900.0,0.5509625097620156,0.6361778712797241,0.23064503341160886
39000.0,0.4543162600156066,0.5946068605048204,0.2213056788767426
39100.0,0.6388256316348853,0.6223397137678693,0.26194433698215286
39200.0,0.5448973284925741,0.4881440938736487,0.2463493335734966
39300.0,0.5517168770233548,0.5978304829323025,0.21838416460163718
39400.0,0.5098183439256536,0.5607997775438125,0.2755547001847735
39500.0,0.6399446599566727,0.6388611997009429,0.25740029684742327
39600.0,0.5239782674038433,0.5171822426104918,0.2773476769170665
39700.0,0.5510812837247505,0.5825368086401139,0.28994005833068515
39800.0,0.5801897295781091,0.661561792959692,0.2634696933600208
39900.0,0.8545301320412253,0.7559802779148013,0.2853464025009598
40000.0,0.5370133616836683,0.7027969667707511,0.23876650823953968
40100.0,0.4760999587120313,0.5293974887361255,0.23640350271940408
40200.0,0.5343817631584825,0.6998847879558597,0.2668811382496351
40300.0,0.49809079107140136,0.7498898324234761,0.27108649797832185
40400.0,0.548024732586302,0.49572401888039896,0.22491232997784394
40500.0,0.5292917624258697,0.5214977987623133,0.23943170069785266
40600.0,0.48906930518137237,0.5706381459461408,0.22150701533557732
40700.0,0.6321377942227555,1.0017466264122195,0.3247138165285869
40800.0,0.5456652534978785,0.7949936481713957,0.21550819425859666
40900.0,0.5991532065391804,0.7315230776114185,0.29071872540641924
41000.0,0.5538759643620723,0.5087022151363344,0.19852189074797208
41100.0,0.48109092982733276,0.5712178470064683,0.2790594509948715
41200.0,0.5404139962656045,0.5286904627461482,0.24590377839960276
41300.0,0.5542743082452943,0.6442194736931415,0.21700239102393973
41400.0,0.7402666517659672,0.7305838057541696,0.3085948204188026
41500.0,0.636653121674768,0.6495895301947894,0.24993632690195228
41600.0,0.5334544793881941,0.5140269123995095,0.24261232429975643
41700.0,0.6184439057732816,0.7494821003467514,0.2539494344824779
41800.0,0.47396582829335243,0.6427174508330936,0.23550351411291923
41900.0,0.5987867354088812,0.6831618318216061,0.2581847325129347
42000.0,0.4574093481589516,0.6879241220520198,0.19732963143692178
42100.0,0.5482689842190012,0.48878858164284605,0.21179914887940687
42200.0,0.5163127193621914,0.6218867091980792,0.29979968696745346
42300.0,0.4249556347706821,0.5365428330235736,0.2083464077826211
42400.0,0.46983920204835883,0.4632799538080435,0.20476799552225566
42500.0,0.5214175438772654,0.6475200996972271,0.24806484028385603
42600.0,0.4817370110613119,0.6924730038290727,0.2733034913072479
42700.0,0.757277162663333,0.8334410463613168,0.2960598287128232
42800.0,0.5318019614697695,0.6443236977023334,0.30732461564152624
42900.0,0.5785659946056548,0.6030062334249668,0.2676857293969078
43000.0,0.5692567372706543,0.6061455023691669,0.24620941759314158
43100.0,0.5323671176696807,0.5467018671020923,0.2597213454567973
43200.0,0.47967223844355616,0.37956798819173126,0.24750029996539524
43300.0,0.5271971244967717,0.38675110773911003,0.21966503971158816
43400.0,0.4999775337943865,0.4594208081891556,0.2356632673627755
43500.0,0.5103551984959922,0.6515830776016518,0.2314456195284147
43600.0,0.4598484825814813,0.7024959281203337,0.237213488486741
43700.0,0.4839542038953805,0.5418609527902153,0.25294096521369647
43800.0,0.46126169150628266,0.6989668588692439,0.23348455115982505
43900.0,0.4835220059073181,0.47782430875503634,0.20523065176240926
44000.0,0.5149064434193569,0.7097010672770703,0.20764747254221586
44100.0,0.4876560734150844,0.5816026683031378,0.25415900329280705
44200.0,0.463353716799058,0.6246919925930852,0.18920275016374943
44300.0,0.3718361508798553,0.5094126949343627,0.2148438334880775
44400.0,0.5117167823119816,0.6945020372002763,0.2489976371187513
44500.0,0.43208677476324375,0.5946654160657345,0.18630239002371676
44600.0,0.5124739121693566,0.752641527778309,0.2510218188557628
44700.0,0.5973873256901279,0.519227584280612,0.2601566413723194
44800.0,0.45957210404501525,0.5680087615770608,0.18834254379710183
44900.0,0.5317370296219306,0.834807307921641,0.24409368389360314
45000.0,0.5119144636367272,0.792710521394416,0.26161695070739366
45100.0,0.6840488999449008,0.9949343542344723,0.3261161582980422
45200.0,0.5356391220729856,0.5694267504584423,0.2893471456965635
45300.0,0.6224947987763152,0.6515560936871189,0.28622874415891425
45400.0,0.5916647450101155,0.629417314618433,0.23281727501571003
45500.0,0.5002678010300589,0.6560616595521424,0.1992187795009231
45600.0,0.552042515883586,0.7332288458097173,0.2663824209049635
45700.0,0.5635962375433446,0.4155877561514062,0.2850417123338411
45800.0,0.5326832916961576,0.671665805263532,0.277845803045886
45900.0,0.6125728999481652,0.8694600018994099,0.2614650367805734
46000.0,0.49664619046817826,0.7164608691260801,0.25161215678066945
46100.0,0.4853458615264099,0.5553872859119001,0.2598084007279831
46200.0,0.5310944720064145,0.703663988756307,0.2839210537063773
46300.0,0.4881594448142132,0.7293724493196351,0.25719036305051124
46400.0,0.5141152504937636,0.6685009991270491,0.3055845532950334
46500.0,0.5137166181484354,0.4301919589135941,0.23914453776476147
46600.0,0.5058749374759209,0.38851603928253464,0.23918369455375071
46700.0,0.3988430981284473,0.3138860090271628,0.21928518734432872
46800.0,0.4252952447236894,0.5252475247486437,0.2708499477368605
46900.0,0.4135261634917697,0.5265347421038313,0.23201884061090822
47000.0,0.5257227260800864,0.5946399300447083,0.2149447167309845
47100.0,0.48846334799815666,0.512280222885267,0.21498156733425278
47200.0,0.6182030528248142,0.39773911537542883,0.22472464432637204
47300.0,0.5663510030011529,0.7447107122617745,0.26329884805246545
47400.0,0.5214915235634544,0.6200654705004126,0.21929551502349204
47500.0,0.48709916509548207,0.8296408956414669,0.2607901356103103
47600.0,0.5795849883023765,0.5976316626363115,0.2367033010076848
47700.0,0.46240455316931184,0.5011200290979468,0.23763585990418506
47800.0,0.5769040620048326,0.8523789473689831,0.28397508618280703
47900.0,0.5964450685482878,0.7627035881773774,0.3015781533965055
48000.0,0.4762514127595205,0.7425617237303377,0.2802527316666965
48100.0,0.45867384095603486,0.5865878628834471,0.2154638447799225
48200.0,0.5071222031866782,0.8005660847724648,0.23198055271533669
48300.0,0.5656520539444464,1.0821382065219805,0.25343119567551187
48400.0,0.5948213870758335,0.46603018222680836,0.2716387987327762
48500.0,0.6326789108473749,0.812948204826942,0.31660680063847396
48600.0,0.6597152348754025,0.7003299149086669,0.29746900464608916
48700.0,0.6629509626821528,0.9397155861929496,0.30160106849024304
48800.0,0.549469219697232,0.5203047985877783,0.27367823058679647
48900.0,0.47290341447248646,1.1659332716753852,0.24691948691675497
49000.0,0.45040509953728175,0.7789864712844137,0.23618069104204187
49100.0,0.5350679751735006,0.7786577408567974,0.24863259828259468
49200.0,0.5663364138712496,1.0278290300878725,0.2467575146499148
49300.0,0.7301431081464834,0.5464461501712068,0.31846697718395445
49400.0,0.5119183880610798,0.5139979760062123,0.26314630775828846
49500.0,0.5947768724492197,0.7729799288468493,0.2710832861960953
49600.0,0.4669755701126996,0.48410426132581785,0.25290577467443653
49700.0,0.5539166170638055,0.4741034636847471,0.2496524335038557
49800.0,0.6568498027526075,0.6093897496079881,0.23473706085895535
49900.0,0.4875719476686209,0.504342256999109,0.21694297699554593
50000.0,0.5136731164756347,0.5157579790029849,0.23584983235958495
50100.0,0.6049203597271988,0.6066386417994363,0.2498489164445637
50200.0,0.47404470308376767,0.7646004008271267,0.22067106406223322
50300.0,0.5219753621358686,0.4940768183950858,0.24660405911237468
50400.0,0.5773636172815896,0.6079496530730248,0.3151050262499048
50500.0,0.6336328087376024,0.6104228521942132,0.3046671572197083
50600.0,0.5583272577190364,0.6006759428423538,0.23760627406834098
50700.0,0.5900706888978456,0.9324338158066967,0.3223769931602146
50800.0,0.4347860799917399,0.7503631265655131,0.19632975995923335
50900.0,0.5267797609759728,0.8471430191399559,0.2723848698092624
51000.0,0.48865470269936484,0.4834300813886948,0.2840064318868244
51100.0,0.5743177309953607,0.700587892706113,0.24852430358467972
51200.0,0.619895636801797,0.6166674774375279,0.25709934728997175
51300.0,0.7251429700990557,0.5841181447676499,0.30020393003098433
51400.0,0.5992181796382502,0.5146043034577015,0.26104279019447857
51500.0,0.7273695859632135,0.7127939157916845,0.2850552128785639
51600.0,0.5995686488836947,0.6015535909160825,0.2600995541009615
51700.0,0.6197945252499485,0.5171987059850072,0.29960818967095115
51800.0,0.5557734560210228,0.4487553631363698,0.258129665040964
51900.0,0.4756825638870651,0.597301330065733,0.2617016463293112
52000.0,0.5713514991584234,0.5374017475204165,0.26977174690266836
52100.0,0.6520996316407108,0.6200214118386648,0.26589296973023735
52200.0,0.6266796481080383,0.5543221061325166,0.30984060064228836
52300.0,0.641009434150954,0.8331909532144636,0.25767236014985245
52400.0,0.7046717885107792,0.7510289270588109,0.2271104307799833
52500.0,0.6147095673059522,0.6899087037571152,0.2422518645619421
52600.0,0.5381752403361462,0.5184299370007649,0.2535281911676138
52700.0,0.48566998086372043,0.5419604511258658,0.22298382693466556
52800.0,0.6221916237874975,0.639081801381326,0.2559441001158411
52900.0,0.6060190981681226,0.7379606317274302,0.27600975338090217
53000.0,0.5327019074479177,0.6824250037425372,0.2614934385733213
53100.0,0.5117728560478135,0.3978595481269003,0.2352602868526883
53200.0,0.4562683945026656,0.66649032924544,0.1943740603864717
53300.0,0.45446224607039765,0.501276552310228,0.21531165338159183
53400.0,0.6038274949167098,0.6559115378111311,0.27984369469508236
53500.0,0.5894127550363483,0.7881941438762878,0.23580443520081462
53600.0,0.5625249717838888,0.5995082836316433,0.24975201496589577
53700.0,0.6218524384674965,0.7857605642441484,0.3314799517798674
53800.0,0.7127162570856017,0.7422623319734557,0.2837214058593236
53900.0,0.5620727973703614,0.458094860600715,0.22554769442674294
54000.0,0.5456973276714125,0.6030337362505815,0.25061944571565253
54100.0,0.49511966043843136,0.8934891627807957,0.22458419689652512
54200.0,0.5455430761932513,0.7803121037094679,0.2164395877661737
54300.0,0.48913803990041205,0.8111988838035904,0.30834228325399454
54400.0,0.5211103533741843,0.596760567836216,0.24050398805909207
54500.0,0.5252672575318285,0.5767708918008866,0.23067597145459148
54600.0,0.5606803252168756,0.837465995430495,0.2560486378727073
54700.0,0.530187125358454,0.7658702757008286,0.22297512030218786
54800.0,0.513075119174362,0.48614699281734647,0.2567515398866817
54900.0,0.5124642237491353,0.6822301610397554,0.2681456651207118
55000.0,0.6353115997226123,0.5841294786757645,0.23291950721770993
55100.0,0.5580008067358867,0.4244281570863677,0.22177487700023626
55200.0,0.4277676676562551,0.6046400941401661,0.18343881252715072
55300.0,0.636103930511279,0.6485879576276056,0.28871430364175465
55400.0,0.5539008111145086,0.5739570139017159,0.2253754677029501
55500.0,0.5514727616523014,0.5452670890746668,0.2313268461961707
55600.0,0.4608937566272653,0.9723950307473425,0.20574204627619475
55700.0,0.4732609939006215,0.7501322070047173,0.23107779735546502
55800.0,0.5560614932115568,0.6257230873377267,0.2579373855393642
55900.0,0.4676371079430828,0.6578212288389186,0.25625578489944745
56000.0,0.5107045184858142,0.4785566760434449,0.24637582377951187
56100.0,0.5211917116344994,0.4708618735741766,0.281576952530173
56200.0,0.5596726053930033,0.47158896616338464,0.24215235606138594
56300.0,0.6286655921896017,0.6835383989978292,0.2778824096480821
56400.0,0.5603940095954314,1.0428779184013401,0.25231495870930665
56500.0,0.5515109839759971,0.5193865563280561,0.21397829084878323
56600.0,0.4789644358628575,1.0718867151527083,0.19705771461088445
56700.0,0.40152443454753667,0.6071906617758358,0.20343011913784723
56800.0,0.6115047451300197,1.1579541224141285,0.2377425646461197
56900.0,0.39587246545177185,0.6978304978823144,0.24073078881693072
57000.0,0.6234097357922582,0.7430554604598292,0.21537747631932141
57100.0,0.6425988948381564,0.634588630311846,0.27924636987452683
57200.0,0.5442301104964572,0.5930308936565124,0.3045031874084816
57300.0,0.6312553700317949,0.6560843622926187,0.2111861325265345
57400.0,0.5918560581283818,0.6144072948642424,0.27363998463713507
57500.0,0.5210206657537638,0.4573510540712305,0.270143656041706
57600.0,0.5675686418939294,1.0610934770806344,0.2912139872806874
57700.0,0.5192750823273526,0.6327597102404252,0.20009781251172534
57800.0,0.5675965830054484,0.6160970623319008,0.297982330165396
57900.0,0.458746872136704,0.8172331045898463,0.23666765448341903
58000.0,0.48251332344066755,0.7142642258742999,0.2522235586561437
58100.0,0.4703532391661865,1.0068487338497072,0.2295097398967773
58200.0,0.505392794436877,0.9048517039351427,0.22860336268949322
58300.0,0.44919635797091184,0.8050852636769269,0.24866057207065753
58400.0,0.6127296634349332,0.8622710810391873,0.23172131517746314
58500.0,0.6164600307101354,0.6757058037312089,0.2865938162372622
58600.0,0.6043991651149699,0.8155811471663037,0.20951566981902578
58700.0,0.4984631506904552,0.40653527606038553,0.24905136102372488
58800.0,0.5797014516095078,0.7586760812681751,0.24116107976427884
58900.0,0.5760579828178306,0.5387450590483931,0.32587781964032914
59000.0,0.4983229527583025,0.5372334097721032,0.23884046088410832
59100.0,0.47496350722487846,0.5251537622040632,0.2481867262676242
59200.0,0.5324931788358082,0.6094431100096116,0.24894338870617502
59300.0,0.5915489046511067,0.7099255737710772,0.2813711258337571
59400.0,0.6851826051039971,0.6221459617915533,0.2361788651418028
59500.0,0.5062915690951632,0.5116089758885064,0.22597907729577854
59600.0,0.44107442646847633,0.7749663889497315,0.236308415016596
59700.0,0.4803959619660164,0.41140650895757425,0.26117869547134615
59800.0,0.4363164479714177,0.5149494829293253,0.2818091954033298
59900.0,0.5364577985912182,0.5819632705062977,0.2482418720829155
60000.0,0.4679655080632802,0.38115260164714715,0.2106498839437263
60100.0,0.532490828918846,0.3987684028977819,0.20641847362511906
60200.0,0.4722861981940369,0.6288440837329253,0.22514591123245192
60300.0,0.5013539426157075,0.7001054036450369,0.2899941260387422
60400.0,0.5940665994870651,0.6714278077007039,0.2487143245347397
60500.0,0.5770234398332832,0.8952833195008717,0.3020617389772087
60600.0,0.4810261930913257,0.5689233365314286,0.22532839124450402
60700.0,0.6614081407347403,0.920941796610321,0.23803861128156129
60800.0,0.4429440279361298,0.4724344170777622,0.17943451395514423
60900.0,0.5477248820462264,0.5956187458931381,0.22811119644486463
61000.0,0.5384167760313139,0.5246751059396338,0.24846815956642967
61100.0,0.5361207713753247,0.5224084223184328,0.23821034966484875
61200.0,0.4803656297395792,0.6909198792384704,0.2510482461873034
61300.0,0.5679434297122498,0.6668834934025945,0.27951582413203135
61400.0,0.5736331793447025,0.6589137853046123,0.2464561054203223
61500.0,0.50356924962654,0.47965675809822284,0.2687961679530563
61600.0,0.5133342831550545,0.46080422714445735,0.29021208782272884
61700.0,0.47153640071456904,0.8044034219899622,0.2633807398498903
61800.0,0.4512142972552101,0.6112481642219499,0.2432831247807044
61900.0,0.5545808416218934,0.597305680236037,0.2540125430246553
62000.0,0.5099209086624469,0.5839879344966612,0.23578763441523187
62100.0,0.5031908248186665,0.5451555850197765,0.2618416414796084
62200.0,0.5112190931931982,0.42857899903529323,0.2566068360952777
62300.0,0.5894527928585158,0.6147450896147785,0.22592308395300642
62400.0,0.6947504722679296,0.7752198080191739,0.3215502472430526
62500.0,0.5911083026269189,0.6311188091925578,0.23656743321602702
62600.0,0.6824542328473617,1.0085246902145737,0.3260934371476469
62700.0,0.7396918261790852,1.017780455222717,0.2648881711206195
62800.0,0.7147028713384789,0.8495710554528486,0.30401378449323235
62900.0,0.5882429960409936,0.9923849055957834,0.2717752703432343
63000.0,0.6020944538767217,0.6512178312570613,0.2219621195426007
63100.0,0.5086557862528862,0.6973207891286146,0.25178562532787324
63200.0,0.5580846932948915,0.8409590040584153,0.3026478071955207
63300.0,0.4747495524703263,0.7268870033267157,0.23479075205921257
63400.0,0.4827062336531963,0.4998382326505671,0.21916062951108323
63500.0,0.5548466046565446,0.808411483318967,0.2362453765738901
63600.0,0.5208914555350492,0.6676800175828976,0.23371552618699204
63700.0,0.777664843949242,0.6103848420873546,0.20398847342323276
63800.0,0.5374200468905619,0.47267403799857133,0.24487785228820574
63900.0,0.5197320629687602,0.5916270664061304,0.1658614940780244
64000.0,0.6595873662874364,0.5090760155090683,0.31095395463958264
64100.0,0.6253153428623772,0.44597871562308866,0.21668644071854942
64200.0,0.49965490333232443,0.5557812283068198,0.2471241870659287
64300.0,0.7199453909524746,0.8319353880215932,0.2679461854507972
64400.0,0.41960676247665835,0.8322396670520249,0.2242514139977138
64500.0,0.6329412667408469,0.991457926458039,0.2842618302777701
64600.0,0.5451016650887468,0.488432297046369,0.21516169457520298
64700.0,0.48448134844166635,0.4580464688189968,0.20801509588625047
64800.0,0.74671424926928,0.6709937927710561,0.3032753717336309
64900.0,0.6035747049948404,0.9237312895328941,0.3158725952106616
65000.0,0.5936152854094108,0.9959747191802888,0.3002682012268342
65100.0,0.550713623123389,0.6968852586574649,0.24646514737811231
65200.0,0.6583029140283616,0.7320657984767311,0.22882830200983154
65300.0,0.5810842758300715,0.6966366363397101,0.23701052950632584
65400.0,0.49767982340452727,0.7712468511370388,0.2612328768670268
65500.0,0.5078346933598514,0.7879152821239986,0.24566222626491802
65600.0,0.592607324128694,0.5615072678049619,0.27071563748802874
65700.0,0.5286762592594314,0.5146880521493731,0.27519492769479986
65800.0,0.4541365590863279,0.4711070354094845,0.2018025440070778
65900.0,0.5825440520514967,0.8178821526755347,0.20612685794520075
66000.0,0.4704327420897026,0.6625989997410506,0.21110104266839338
66100.0,0.4415033676028834,0.5357309523807199,0.19552942080583308
66200.0,0.5676666897216638,0.7915745727236498,0.2559163668216206
66300.0,0.49413579795492113,0.4284710308119247,0.21175627504161093
66400.0,0.5878052605635311,0.7198386445687793,0.2650860781793599
66500.0,0.4693221884822997,0.4342462463516276,0.23971266969566934
66600.0,0.445176401357603,0.5842374870144413,0.25103843076745397
66700.0,0.4224621188239544,0.5020766092027479,0.22249230306272513
66800.0,0.5481598112620413,0.6636992970035354,0.25579698724107586
66900.0,0.5388029496312374,0.6133555952767492,0.23704699453781358
67000.0,0.4857886878634744,0.5381085786812182,0.232405862714746
67100.0,0.5953597312294296,0.7261895514801144,0.2552080784065183
67200.0,0.44861466503707925,0.8051616582391725,0.21581012978657962
67300.0,0.6008584193543065,0.7849110198074778,0.2649025137266435
67400.0,0.7292380311450106,0.7580626664328156,0.22085733406490182
67500.0,0.5168954804738459,1.126645299925178,0.2587053726654558
67600.0,0.5341111844021652,1.097923919123161,0.24806247059538142
67700.0,0.6363730055926425,0.5121943970274005,0.2131472990688635
67800.0,0.5221672439133981,0.7863565041402473,0.23993275139480832
67900.0,0.47654657145918466,0.513795559127262,0.215650267398596
68000.0,0.5358416969627724,0.7475202908686187,0.27152239231124986
68100.0,0.4669831646972161,0.5582250241747243,0.23412804519003835
68200.0,0.5477757513119723,0.6694225070850516,0.23725724490938588
68300.0,0.45132598538926694,0.6074645898342423,0.23427579215046715
68400.0,0.6289982637474896,0.47468022030525026,0.26492272994527594
68500.0,0.47806418274066526,0.5590352210903656,0.19670125875071973
68600.0,0.5858926503001131,0.6021618544903176,0.27437926672768664
68700.0,0.5355332134552009,0.5289445410173794,0.2031101641605492
68800.0,0.580019209925551,0.5611562556007994,0.27347845404228427
68900.0,0.49405684755224505,0.6825300466791668,0.22033987360697935
69000.0,0.532631987018598,0.516182087620924,0.2359105356273358
69100.0,0.49862045985076103,0.800804556922085,0.26215214866085446
69200.0,0.4929284924062376,0.8475532861857209,0.253803612521675
69300.0,0.5040590100730188,0.4690968267499702,0.21570461175072703
69400.0,0.537839114153001,0.7852833541303699,0.2283258950103773
69500.0,0.5597207417190657,0.576887618165405,0.2490709292603715
69600.0,0.5171562168436358,0.5726273416793265,0.21496111887547883
69700.0,0.5659228900474554,0.7080906431886833,0.2725429991275014
69800.0,0.4825973210388329,0.48056611612046246,0.211972047437419
69900.0,0.5166047996238922,0.5033684315998981,0.27177181002905126
70000.0,0.4863156835254922,0.6362472000143026,0.24178851001907603
70100.0,0.5753247121569584,0.697963987687428,0.23242471481551186
70200.0,0.5380061513633119,0.7873502501894254,0.2423732143818343
70300.0,0.5267974661418411,0.463806114069419,0.25344013819162503
70400.0,0.5377442435487174,0.6864268381853181,0.23519302665887515
70500.0,0.6159518209924573,0.8730253331259592,0.28385236190311847
70600.0,0.5247328389538161,0.5663393250247755,0.2566963577200368
70700.0,0.6378012751110073,0.5823536965865059,0.2638786536617845
70800.0,0.5337972370816277,0.7690665036431746,0.22979013943992319
70900.0,0.5530461069531156,0.6340256427403655,0.24526376674493075
71000.0,0.5313811939053703,0.7538197830161953,0.2391710301554995
71100.0,0.6041327621105302,0.701109237596771,0.2516810499587445
71200.0,0.5010914970201557,0.5365385272044223,0.27216148725774836
71300.0,0.5320437768850244,0.6822696868386993,0.27814775280081083
71400.0,0.6065801962978148,0.7838218012399156,0.32448317042572306
71500.0,0.5165902019646601,0.9177351723846805,0.25723864739446434
71600.0,0.595080404978362,0.5608372889242892,0.27943924471092757
71700.0,0.5998760200001416,0.851860213113425,0.3204695231240476
71800.0,0.4881855316683941,0.8976183732225909,0.20474386144569143
71900.0,0.631994367368985,0.8620377243224357,0.2721086756121367
72000.0,0.5468850214534322,0.6525078783587961,0.270522459694359
72100.0,0.5911345010230434,0.94925282039796,0.25002661537053067
72200.0,0.5410033735814505,0.5555164109579638,0.2204534247541742
72300.0,0.49096426144719585,0.6615101299285306,0.2225094992523955
72400.0,0.505425565438869,0.5344578126753623,0.2344884890895337
72500.0,0.5946783065760102,0.7626451289894176,0.24979922750327382
72600.0,0.5649097514825117,0.9588893187723588,0.19810335746023336
72700.0,0.5204274339603435,0.5875234750824165,0.2370738874753006
72800.0,0.47486552950824257,0.7985608725827478,0.25156305139002505
72900.0,0.4874140999152442,0.5594279848349396,0.21460757680452663
73000.0,0.5538643173005839,0.5664966138727031,0.251691760397749
73100.0,0.4835391462096886,0.4941666532111121,0.2629212624629144
73200.0,0.5206587569397817,0.48396740662812954,0.25447964688547653
73300.0,0.4703876372624364,0.46814754350160365,0.214570253709011
73400.0,0.47366000783332857,0.6956812855070748,0.2536291416279274
73500.0,0.6462509771707992,0.7081523267574085,0.3050565998985548
73600.0,0.641727471894148,0.6963372155817342,0.2947853617687942
73700.0,0.4863373194714077,0.753097580101341,0.2509533886327117
73800.0,0.4531038108462817,0.6074630796671554,0.22801447068812558
73900.0,0.5236262958288426,0.7673965750226633,0.271951987011038
74000.0,0.500630281041289,0.5678420631321497,0.24741631591302576
74100.0,0.5632212445137265,0.6930848685130185,0.23623889903837697
74200.0,0.563786247064505,0.7208641327283404,0.22940096076382907
74300.0,0.5225595435078139,0.5669264652122219,0.23703968428462394
74400.0,0.4780744259574858,0.6775235915672092,0.2346680989796587
74500.0,0.7862150196121657,0.9502785360298877,0.2863890962465375
74600.0,0.6350450800713733,0.7106149865830957,0.2902955099292449
74700.0,0.5097949250533129,0.4855232581777673,0.22731083481680253
74800.0,0.639529047610151,0.7275696955848835,0.2500910849935317
74900.0,0.7087875852490544,1.086026537872531,0.32291380111724716
75000.0,0.5192601238075294,1.2458126078083296,0.2711476252343273
75100.0,0.509810370601801,0.5154420547130867,0.25880602904944683
75200.0,0.5753508893456892,0.7205158657825378,0.2557849793208879
75300.0,0.6142183071395556,0.7571388286736911,0.2928435097367619
75400.0,0.4476718473466462,0.9151987336773892,0.3002890584379493
75500.0,0.4045490258179198,0.7958869696891051,0.23159423964054443
75600.0,0.5699857699775602,0.45161892035711204,0.24310544651237437
75700.0,0.4721527015598549,0.5794790769844258,0.20964471344291816
75800.0,0.5752257351726585,0.5204220507735444,0.2679167515588633
75900.0,0.5687476749422785,0.5813795001569669,0.21997457519819727
76000.0,0.5671657867982576,0.5578085820971173,0.2451224988300819
76100.0,0.5619216582352529,0.6342732518794947,0.29126125349785437
76200.0,0.5389597125925939,0.5122956736504275,0.245699856504274
76300.0,0.5717299543972476,0.557545837153506,0.2532700892532885
76400.0,0.5211612236882793,0.5263111797252495,0.23837201364987415
76500.0,0.4391071204208129,0.3696772022148653,0.21315588902114543
76600.0,0.40558220594358857,0.5307226173812815,0.19951801989294474
76700.0,0.5842805992409703,0.4404323617407645,0.2326313005560369
76800.0,0.4673191416790942,0.6674349368587427,0.2390240629092732
76900.0,0.41728379831786155,0.8259703676787321,0.22144591810004205
77000.0,0.5289939940503391,0.5396315631588513,0.2856135332807607
77100.0,0.5216178449435392,0.5707887562867836,0.22706935113310464
77200.0,0.4667015786724223,0.7729440269557235,0.21500243786865028
77300.0,0.44501430989438084,0.5062242832189949,0.22544683997464018
77400.0,0.5051125889018003,0.546318872888456,0.23343821257489616
77500.0,0.675515026981564,0.7528246265657071,0.24969425973965556
77600.0,0.4574756014304585,0.6043771872337966,0.25481966115045357
77700.0,0.5566618926169757,0.7545712860471104,0.27984974938118834
77800.0,0.4611986379141745,0.6182855045624892,0.2601311062565073
77900.0,0.6689521652554686,0.6907523964533466,0.27270634846168107
78000.0,0.48757172880199506,0.46310247709497343,0.22176470524497566
78100.0,0.5051711198837147,0.5329041382300492,0.23162386377737856
78200.0,0.5195633838019857,0.5638203524433193,0.25925013985074474
78300.0,0.47773419058945726,0.5125337438768183,0.23655997371007106
78400.0,0.4775317707409849,0.6346457878179499,0.20431678529133207
78500.0,0.5631270552369533,0.7286632255047153,0.28122639512165915
78600.0,0.5714670770038792,0.49367552715915375,0.23187636890189606
78700.0,0.4709443014836288,0.8466719771758363,0.23680303935657138
78800.0,0.48956366703769894,0.5854640774371219,0.2604825622249628
78900.0,0.5881812052905444,0.636540255869797,0.2842121569357696
79000.0,0.5377235874164908,1.0255744902946171,0.28164304849592736
79100.0,0.6225569630719837,0.670562869512476,0.29934701749266246
79200.0,0.5414670515495237,0.6731646817398723,0.25288693967688597
79300.0,0.5099489292285289,0.5559458721372358,0.21865227813462842
79400.0,0.5214719148251461,0.627254734671762,0.27006413830709064
79500.0,0.44280501097580416,0.549089165531128,0.23851230153863434
79600.0,0.6124808782270993,1.1511441661558055,0.2643999849948741
79700.0,0.5197226647384232,0.4444445495234685,0.21991556689699063
79800.0,0.4861178801224451,0.5451808848062937,0.20559569097231725
79900.0,0.6234902538810566,0.6973215656817774,0.3269559607609699
80000.0,0.5014689737182634,0.5910346337179362,0.2664314382004086
80100.0,0.53468089195629,0.5186136400771792,0.2583672458480578
80200.0,0.48430715052422607,0.5946852302970074,0.23745354209310604
80300.0,0.5218092750454089,0.7640648737689771,0.2670538662991021
80400.0,0.4835737771989952,0.5440173605030576,0.2651063248071005
80500.0,0.5304638384554419,0.5856996681589808,0.2625469763246656
80600.0,0.49518161189256354,0.3713868692190444,0.25655444325105053
80700.0,0.49623604776692815,0.6509282959363191,0.22209433725904093
80800.0,0.5673151063444966,0.598507113047206,0.25686987703538033
80900.0,0.452914769256895,0.6144548144871077,0.2417249073701969
81000.0,0.674611142597074,0.8913242337616394,0.2742859677868255
81100.0,0.5336797410290746,0.6522813415488635,0.22696421456642563
81200.0,0.5263693449666899,0.7043545580413775,0.32981626693054567
81300.0,0.6061814043007615,0.5872186211826921,0.27183058981841896
81400.0,0.5976011284175329,0.6840462964077597,0.269936173163529
81500.0,0.503742072966037,0.8802394274431862,0.29973451955275954
81600.0,0.5000715747821378,0.532950995701307,0.21572294309592688
81700.0,0.5290903264928494,0.4783145522711566,0.24577309570272338
81800.0,0.455065315697866,0.8238599756427574,0.24190778337136726
81900.0,0.5484774534908647,0.4628606498719309,0.2646093820416136
82000.0,0.5196292821920361,0.8329973980099021,0.24566480883330227
82100.0,0.5354992169210454,0.7319170245908899,0.26984119432236187
82200.0,0.43678167886333535,0.6075277987457521,0.24888254955402225
82300.0,0.6146435280226288,0.6116982948745717,0.23272126307056168
82400.0,0.5595025430084497,0.6943567810800452,0.28576860234720514
82500.0,0.46493885451767714,1.5364929048653284,0.23199614690913584
82600.0,0.5079479689218861,0.4977202805914276,0.20750669020216445
82700.0,0.45255595030501716,0.7030747571370156,0.20697734920869698
82800.0,0.48593800616564115,0.6803531389756244,0.2105197462529468
82900.0,0.5462288708236883,1.1647003630322286,0.2730651268181973
83000.0,0.5889720720523618,0.6164565325023722,0.22106759412091925
83100.0,0.5455511753510509,0.48193828576916714,0.20393089485901875
83200.0,0.44019300047776777,0.716568573471246,0.19073747654512407
83300.0,0.505424540533626,0.5786694016493275,0.24992058487169558
83400.0,0.5840469759064435,0.6429821110971388,0.24097873733012243
83500.0,0.48464253178826766,0.5527186698776786,0.27480381680387655
83600.0,0.4341067129019648,0.5107308154304045,0.24301010084486915
83700.0,0.4936349804105703,0.4997640573504614,0.21640786686752106
83800.0,0.4719155916950549,0.6375347235027584,0.26753555912675797
83900.0,0.48697274628392184,0.6132576222614734,0.20918093279737512
84000.0,0.4405200720291759,0.7779029795927928,0.2257859119188506
84100.0,0.6124548903711547,0.6072991833349806,0.2529447751214903
84200.0,0.40452182045509105,0.5786406862008735,0.204792232597305
84300.0,0.5408609817028337,0.5366049700480071,0.2743558845928346
84400.0,0.4510970637119026,0.6389184450964385,0.2326005029376829
84500.0,0.4826986554034229,0.41345824798004466,0.25730255849394595
84600.0,0.7279017290605116,0.9242862450282556,0.34202643419461676
84700.0,0.5153142172815569,0.5707432349927257,0.21139069461266624
84800.0,0.5760828834849525,0.6452146575365042,0.2815696572363958
84900.0,0.49054936924768844,0.705616718532896,0.2134072697384981
85000.0,0.6016398059118948,1.198805872018187,0.2573385829901672
85100.0,0.6740028406042257,0.9694104883512773,0.30531604673719265
85200.0,0.4848212622405845,0.7658700189731897,0.2290554177252925
85300.0,0.40897849719022633,0.6137503415924148,0.22358273576563806
85400.0,0.5869397997327324,0.8481256005998293,0.25497156615988936
85500.0,0.7302752192996559,0.678448478623759,0.23546319686493372
85600.0,0.5810573276707437,0.6863124137724226,0.2553476818360796
85700.0,0.4879610422085098,0.653935986475146,0.22169657623395325
85800.0,0.44853954673517726,0.6023534269326483,0.2171098740680027
85900.0,0.5364202643215249,0.7882370492493209,0.22810894391880718
86000.0,0.6078514292971522,0.6024394792845706,0.2958574542098795
86100.0,0.585519611299911,0.9321876204645669,0.2494510543618235
86200.0,0.6185191297374549,0.6262185747969488,0.2465789492284239
86300.0,0.6237285893666848,0.5356427971796075,0.25259310230106347
86400.0,0.560554272612615,0.5010577675575042,0.2556955274566426
86500.0,0.663048470393609,1.3516722266377765,0.3363456807777111
86600.0,0.4718374208558235,0.5395711716627121,0.20568474509567025
86700.0,0.45434221830312166,0.6753438829478983,0.2617533335787593
86800.0,0.5966664448381053,0.6908250301895605,0.24018749025301078
86900.0,0.5144387745963759,0.6743501588881482,0.2536745079749962
87000.0,0.5331724445904256,0.6956523255101347,0.31926051785808524
87100.0,0.43758568215515703,0.4208184232487401,0.20144396868441256
87200.0,0.47543788761683387,0.3858360161451856,0.2086960673162248
87300.0,0.4674683355431771,0.5959435797422484,0.2547684888314106
87400.0,0.567867220835964,0.4465575565127365,0.23281522150043746
87500.0,0.5671416117355693,0.8805286719118012,0.21089473289414312
87600.0,0.556915127887274,0.5877164300670266,0.22270863870042373
87700.0,0.5083572974535346,0.4842528071831912,0.2618200376314635
87800.0,0.5789113136345405,0.5622138504477334,0.22320976928735034
87900.0,0.4812125282417982,0.4655320341381012,0.2608692319428956
88000.0,0.5744835400041485,0.7175865484191746,0.23912306172074752
88100.0,0.555220987049921,0.6310860819214139,0.2614315924323164
88200.0,0.5371724857687659,0.8956075120056631,0.24249224206397774
88300.0,0.6132554245262581,0.6870511042952422,0.2807158067685086
88400.0,0.43337932571486454,0.39142169913084945,0.19959123240673216
88500.0,0.5444266570807668,0.8711454033579503,0.23538614849981965
88600.0,0.5499567564766912,0.7054813179970368,0.26964403251823393
88700.0,0.5338379584602371,0.6369102186835662,0.27781008709128946
88800.0,0.5127749995710037,0.9104411946476322,0.304580571673665
88900.0,0.583556572340749,0.6917801828682423,0.2530924444852281
89000.0,0.5395677000133438,0.6719910862782562,0.26777853247523303
89100.0,0.5416836375107813,0.6471969064202567,0.25852725440275387
89200.0,0.6156970841249858,0.8884618992174511,0.28400341405288787
89300.0,0.4634762604174611,0.570353563840239,0.208732138824329
89400.0,0.4756864190708147,0.5343880765822833,0.22698304469540015
89500.0,0.58045963601314,0.42560104886136835,0.23884635360189713
89600.0,0.5098183034560643,0.9135292351445532,0.2824376555338386
89700.0,0.4618235391137132,0.6266498965070059,0.27286495908364305
89800.0,0.5418755855347845,0.7904928802140349,0.24102656562070476
89900.0,0.5784756877285544,0.4329086843567202,0.24488568713419956
90000.0,0.5154129631867399,0.5637576709775604,0.22401282464034739
90100.0,0.6133153959047049,0.3913930052101787,0.24168706563452722
90200.0,0.5501260140964005,0.6986525649981341,0.22851104617933743
90300.0,0.4384165755822905,0.40781008590490087,0.2199680005570117
90400.0,0.5355215608399303,0.9523825768271635,0.27361583994879035
90500.0,0.49156696120725246,0.6296195512776612,0.23166714997100643
90600.0,0.5375792155529779,0.5091865949156344,0.25490006652838204
90700.0,0.5854865279479708,0.46523593516062833,0.2670700718580047
90800.0,0.6073761180751316,0.5066902883774601,0.265038583561196
90900.0,0.4603770073325141,0.45039876156806713,0.21602166633808523
91000.0,0.5691387856118382,0.41613099879387294,0.2758966577288229
91100.0,0.5230164941896219,0.6280929047187673,0.21948609943623892
91200.0,0.5829608159964556,0.6601355701127614,0.2563902529794432
91300.0,0.45714961356011924,0.5958232200828497,0.23544046999927376
91400.0,0.6418746369734,0.661993715173623,0.2741757668083301
91500.0,0.5744399166762887,0.5846625438935007,0.2724450356286252
91600.0,0.5440332818808093,0.6755507494885242,0.25008865641229205
91700.0,0.5706511434298882,0.633311989738053,0.22073768486350306
91800.0,0.6614711485510634,0.5820956975428854,0.24908866625538212
91900.0,0.6219296172050817,0.9406245860428607,0.2615622789849003
92000.0,0.7345731592779339,0.8224784911755414,0.25688767771000853
92100.0,0.48745439110297595,0.900294989053189,0.22120193994173315
92200.0,0.5354967957696353,0.5973866801543627,0.24793473372023436
92300.0,0.5452984263802063,0.5588276906204701,0.25116650415543706
92400.0,0.539423965878581,0.6354070905528497,0.2574035373881343
92500.0,0.5357800041162409,0.7272148603109525,0.24171654313700858
92600.0,0.4442466971855611,0.5577839037220984,0.2205105277481198
92700.0,0.49497862488290406,0.6073761757079629,0.23443562396487688
92800.0,0.5506725641292578,0.4806681172679819,0.26034513461636377
92900.0,0.5573818942253712,0.4730194415836014,0.23692241060055674
93000.0,0.5124729512469784,0.6123692928082309,0.21355455752680425
93100.0,0.4448606914433185,0.4678620929271856,0.26140375143269196
93200.0,0.46250012981347394,0.9598941763759647,0.22947331305281843
93300.0,0.5515909618661099,0.6499049786569084,0.2554230170082301
93400.0,0.5594826879823813,0.6222598311531474,0.22396719589125133
93500.0,0.5579033410582924,0.568606014896708,0.23311429390159902
93600.0,0.449213163680135,0.5332308877134928,0.21128667978907467
93700.0,0.4745158263309568,0.9304366600757348,0.27415775602540815
93800.0,0.5074363681901887,0.5721004465272417,0.2612127563454269
93900.0,0.49196286923275323,0.7185724378446465,0.25627195926566493
94000.0,0.5167448889029911,0.6898249704087211,0.2770738643529767
94100.0,0.5793351961970912,0.6433526660106145,0.24477372358986757
94200.0,0.558388434625289,0.8459284565326526,0.3012103534723574
94300.0,0.5231003709433717,0.6451854439752351,0.24319815325015223
94400.0,0.560352228793694,0.7900797163914248,0.27376297972665636
94500.0,0.5874496030468727,0.8258706909036263,0.3075517979521246
94600.0,0.46710293013733467,0.8345011596866243,0.24991384440334513
94700.0,0.6067100460898073,0.6513432821090392,0.2922503987428499
94800.0,0.5680949917811376,0.7442082231713284,0.3119373909003334
94900.0,0.4842567609892575,0.47520310694503126,0.2623432601147215
95000.0,0.6257273932216922,0.7807438870894258,0.24702557023859115
95100.0,0.42614892240459445,0.4683748489482677,0.23282622875092782
95200.0,0.5346976156830788,0.4411479563614412,0.2653097063695604
95300.0,0.5661989726673345,0.5428810623997123,0.2722780112971959
95400.0,0.5426424665991798,0.672095042403118,0.23880388600632435
95500.0,0.5468370551131666,0.5239725803779729,0.23204893158227788
95600.0,0.4826482391398749,0.5524338093445114,0.19223055855534038
95700.0,0.42680244709327236,0.650705647490162,0.24803078053274658
95800.0,0.5403755259729224,0.7861787111810992,0.2094651988921105
95900.0,0.5536818433921726,0.5109244537367195,0.29660369321104374
96000.0,0.5477323617026267,0.6903640179686481,0.2788608121612633
96100.0,0.6291238602968515,0.5942544359038584,0.2514709834656387
96200.0,0.6329374888299208,0.5680037948487443,0.2679583022129082
96300.0,0.46009162025910333,1.0037681053557026,0.2551910142535926
96400.0,0.45437628722711815,0.5552732382605027,0.21567635141318897
96500.0,0.5842526693180552,0.6351913272300735,0.24738757073847223
96600.0,0.5624618876367167,0.5773272549568792,0.24117222078429768
96700.0,0.4623667458496638,0.5634902389970666,0.19195966127255815
96800.0,0.5292491706021537,0.5040565678394342,0.2121098519362276
96900.0,0.485785897755588,0.9418857771106122,0.24180858002815514
97000.0,0.48577341253089246,0.5902655526631861,0.20200870938887236
97100.0,0.5200320852961158,0.9228695867699861,0.22807208043884017
97200.0,0.6458746219200255,0.7149743433222758,0.30184118864900666
97300.0,0.43467349327643756,0.4770415172870271,0.204327747007017
97400.0,0.5206244337321259,0.5140628225533582,0.23230791814855184
97500.0,0.4353870041688788,0.5970161423264362,0.2176582492092566
97600.0,0.4628191156434477,0.63267336060034,0.20793839364658923
97700.0,0.5436258182642341,0.6241715026418387,0.2659056880148128
97800.0,0.558045191762707,0.5528068472658634,0.25645189286960524
97900.0,0.42908083499930216,0.7622857225235202,0.21984997011610535
98000.0,0.5144573977926048,0.49760488064520186,0.24339405549856022
98100.0,0.49824555630906264,0.5777292700393009,0.22391808385693
98200.0,0.6950107224860985,0.9458901237074752,0.25761457185944886
98300.0,0.5849669697165082,0.6697326674352516,0.32095890410689754
98400.0,0.6887549622406659,0.7775294359054824,0.2741818689937063
98500.0,0.5134116139513207,0.738683823625528,0.26422363298444546
98600.0,0.39958206497854554,0.43187369191221664,0.2502561343323614
98700.0,0.5745369490031444,0.6558060806945432,0.25343277444751583
98800.0,0.6399357825496118,0.9343647999278911,0.22444161630485904
98900.0,0.5181849662238673,0.798625430120097,0.21475365534162844
99000.0,0.4767081407858932,0.9345400401575606,0.21732140684218032
99100.0,0.640621749631653,0.6275203941935906,0.2226242862818472
99200.0,0.529292276255932,0.7970844674015243,0.22589820813245023
99300.0,0.652192926812393,0.9963368762429745,0.27646454509423346
99400.0,0.5275996630257577,0.451310929188563,0.24014920223940858
99500.0,0.4684376571087923,0.48132215539272877,0.2020215260372788
99600.0,0.5861901575444208,0.4180660905684636,0.21862055614829295
99700.0,0.6245030362652615,0.8095367215342704,0.216042692539806
99800.0,0.44504373013656,0.4561193503902178,0.2447759952060878
99900.0,0.64297717129573,0.6028186010150238,0.24962451733171473
100000.0,0.6822045865158434,0.5530137863508717,0.24697786026235552
100100.0,0.5154300141241983,0.7041087537822605,0.22090280609839827
100200.0,0.5604851993572665,0.6197363717350235,0.27263749392743925
100300.0,0.6840599911389872,1.0174944307430125,0.3018903193549195
100400.0,0.6343087600815052,0.4855314490761084,0.23405737788416445
100500.0,0.5233847022730043,0.8229084053818079,0.23132510506280232
100600.0,0.5180246738452405,0.9059621976081982,0.2734804211039445
100700.0,0.6797291150884994,0.620675983271125,0.2579640902627434
100800.0,0.49726865569801887,0.4926821332995896,0.23993797702944725
100900.0,0.4911043528659211,0.7642205627799267,0.20360475063291963
101000.0,0.520562762155052,0.7709304834984069,0.2694464629049471
101100.0,0.49438161576809947,0.896240259336395,0.22637198666654873
101200.0,0.48758736148299064,0.5702836491465569,0.24915363538381646
101300.0,0.6899385280816932,0.896103408231982,0.33635123994437166
101400.0,0.5164513445519551,0.7511554064223601,0.20830771379440555
101500.0,0.5705310048323009,0.49995569407966106,0.21170106666866925
101600.0,0.49385918005567503,0.635855548730382,0.24080638391117098
101700.0,0.5540408038189053,0.7627064748406409,0.21737294268643015
101800.0,0.6058079164809607,0.546947329210292,0.2638592239078134
101900.0,0.5436932653941622,0.6093232824056176,0.24294632253373857
102000.0,0.4202838499417121,0.30018906577138116,0.21077065253441107
102100.0,0.5765094088469923,0.541696830136556,0.24341724757192423
102200.0,0.7026924882859167,0.7232894230688398,0.3107173764603212
102300.0,0.43074289032648083,0.5403487317819381,0.21699091379513263
102400.0,0.5836531834914348,0.8530337083692137,0.32481255843405965
102500.0,0.6091505709381309,0.6743142605124448,0.3174530619670113
102600.0,0.4689817863172211,0.6460354906534775,0.20056289196715804
102700.0,0.4759699279991036,0.4805169545774989,0.2383799862145679
102800.0,0.3481206047078885,0.5332332174654877,0.19973489429961772
102900.0,0.5296858345479122,0.7132551977545372,0.23524210579835922
103000.0,0.4224172127846978,0.48435445308111963,0.18097858780014214
103100.0,0.603720743231068,0.8180872265532961,0.27752700558450305
103200.0,0.47135135954213914,0.5293892384695645,0.22692402404861062
103300.0,0.6214868849811319,0.7619024899932556,0.23693522315405424
103400.0,0.5515571282091842,0.647715311754524,0.2537670876713819
103500.0,0.40356109212132285,0.537839051699877,0.15239017136159236
103600.0,0.5999207608442811,0.6127702088356018,0.28030058334500063
103700.0,0.4458302354872867,0.6598394567256619,0.22037796049445751
103800.0,0.48561086550983595,0.6601528203737399,0.2452989653972036
103900.0,0.5636070040599152,0.617810720767273,0.26163781208492576
104000.0,0.5081029535455746,0.5835184935464349,0.2643808157803432
104100.0,0.5612249330541819,0.6510159016574616,0.21495194055457248
104200.0,0.4778517866861948,0.5137069348044461,0.2196729690603388
104300.0,0.5916677989185264,0.6478529814647336,0.2782391038424394
104400.0,0.5302872982485278,0.6826292854556232,0.23796724409839953
104500.0,0.5297064258664032,0.5952667226039339,0.24798629740296746
104600.0,0.49941648594557775,0.6213808567250089,0.20817597587377534
104700.0,0.5281070111712033,0.4521427393310587,0.2637035335272958
104800.0,0.5347021357752965,0.7985053940908984,0.28461357479469734
104900.0,0.5431741745134641,0.789376754860801,0.2625500787423225
105000.0,0.5300862595774815,0.4480841600701678,0.22122120262964745
105100.0,0.43634503503449373,0.47736732502540685,0.191931926750869
105200.0,0.5020573369721533,0.7122465763422079,0.2140691090832115
105300.0,0.6296350446780561,0.6103111962820403,0.2673774722897797
105400.0,0.48698773097401143,0.6747523148629698,0.20082792111142772
105500.0,0.47951668049080765,0.9681174637678197,0.2100590724366193
105600.0,0.4402571115650935,0.4669850907516375,0.20062820937237125
105700.0,0.37063783900681296,0.6339646184625745,0.20817442977390602
105800.0,0.4406556573208654,0.6278362798625313,0.20769491729553557
105900.0,0.5198533859353338,0.6290200861156627,0.3205189530926582
106000.0,0.5860690343533642,0.5414242780049099,0.26542841713360393
106100.0,0.6352473961157667,0.8703925360896683,0.2715466032850964
106200.0,0.4936911024399452,0.4241891120979563,0.19931526009953815
106300.0,0.6019298697697231,0.5088700077194079,0.24141113109426807
106400.0,0.5097356212775339,0.562571641149174,0.2752725021201477
106500.0,0.40452661938482193,0.7186031479337254,0.21844191734484047
106600.0,0.5588869458968984,0.4608143238520134,0.24928770574266673
106700.0,0.467211796764197,0.5795799827529117,0.2059575609448657
106800.0,0.512475615984673,0.6886476657315507,0.2895614293577382
106900.0,0.5533879868998484,0.560135891386657,0.22182641193285235
107000.0,0.5385756762154925,0.7963911655601114,0.2920572418882511
107100.0,0.5892266359067581,0.6098001025185804,0.24912243948644025
107200.0,0.49877401041580016,0.4884466289751,0.2509704766838113
107300.0,0.5737247254757094,0.7063833498909662,0.28881039785704343
107400.0,0.6316346594351343,1.0631733695174044,0.32917621995264196
107500.0,0.5922108983166982,0.8908517055149716,0.24811031323787755
107600.0,0.5011017345450236,0.6721457929030876,0.2356747467632813
107700.0,0.4992705649069394,0.611732760485902,0.23814828872759247
107800.0,0.49386943403547046,0.46393316508064164,0.21735970929317405
107900.0,0.402250486248231,0.42269954092343687,0.19280400039491358
108000.0,0.6031096061589196,0.9157269328135881,0.305849903199065
108100.0,0.5208430861079542,0.6011909070854891,0.21051157085606245
108200.0,0.6104310963366588,0.8275254318815133,0.25631883061936245
108300.0,1.0389939394737013,1.1401957672573917,0.30851574201713083
108400.0,0.5379914251313602,0.4800968952203693,0.24842538501872333
108500.0,0.5131421979118314,0.5636218188863713,0.21406948115385602
108600.0,0.6424446870776009,0.6188813018037472,0.2404454300841608
108700.0,0.552086752928153,0.6629802368570817,0.25392281836178154
108800.0,0.5471395696825058,0.5491133409462636,0.2040388020140817
108900.0,0.6049294629856012,0.5477375072228023,0.2509197305216512
109000.0,0.47181637200911064,0.5043388261507789,0.26130747088670614
109100.0,0.44762855457581463,0.4596917134906689,0.27587662128292145
109200.0,0.5577951937841427,0.919096510325384,0.25585206777631536
109300.0,0.43737171887166915,0.5874972118718724,0.2937141376810614
109400.0,0.4152483220068679,0.5919331689288374,0.21038506602862617
109500.0,0.5342519309153723,0.7886127929660725,0.21612210496864287
109600.0,0.5323211171114235,0.5395286133338232,0.22899899214360628
109700.0,0.5196032415124937,0.6140581057395029,0.2105434713872673
109800.0,0.655888897018216,0.7541155340604601,0.2322038373184041
109900.0,0.4463504774222674,0.6008031152686454,0.2372442944726499
110000.0,0.5095667133378446,0.6144088554845075,0.2260821581966884
110100.0,0.516264529470005,0.5486072498194117,0.22339154555869753
110200.0,0.6517494571642309,0.8624194040974835,0.22241272052153366
110300.0,0.49247905421745963,0.933009486877476,0.21640681449562543
110400.0,0.5687004762320721,0.4617371313620242,0.25686731277513897
110500.0,0.44008939791831647,0.521058291295456,0.19655730453366413
110600.0,0.5780857590269879,0.7446265677238989,0.254695049949165
110700.0,0.5124017813261308,0.5397142150400033,0.24388916427438376
110800.0,0.5582193692835281,0.5803726812454405,0.19342764650724711
110900.0,0.4858756900707376,0.7754695184338198,0.24254201278672555
111000.0,0.49921800561127017,0.9357459395799086,0.24661665746575454
111100.0,0.5498291889936955,0.6627628163546032,0.2192830117069243
111200.0,0.47790226450443163,0.45385087185684825,0.20319919165808825
111300.0,0.5685453445246675,0.6148857773727213,0.23473155810128085
111400.0,0.5856078395016375,0.8757595355638186,0.25855928350737667
111500.0,0.5416293318241951,0.700738784852263,0.24315371770918137
111600.0,0.5697562714750821,0.6619601592930849,0.23049439105502095
111700.0,0.5596234848795284,0.5376766910362931,0.24477432395718646
111800.0,0.5503730292567635,0.6690057947787573,0.26724510451534295
111900.0,0.5908890966556791,0.5189639279044058,0.26553595376649175
112000.0,0.5930643993463891,0.5499479944051127,0.26482658408689896
112100.0,0.6362160031352251,0.8590311516843503,0.33665073707309784
112200.0,0.5123893440809043,0.6817647300504321,0.21563571553980002
112300.0,0.5250716615745914,0.5646563449795939,0.2525054334775486
112400.0,0.5860381461699726,0.4966915010909143,0.2432130465503724
112500.0,0.44328164163546174,0.5521681938859111,0.21638596121693263
112600.0,0.5002031525546917,0.7054274310684414,0.2558727109985484
112700.0,0.5636767227272503,0.7748456455118722,0.26905421725264755
112800.0,0.4236479793858307,0.45420626813932896,0.23900431570768704
112900.0,0.5222774573491769,0.7136955914088176,0.23562411810306366
113000.0,0.3771913074516052,0.7987927638723631,0.1945106255938008
113100.0,0.47118840478194757,0.6694922401842195,0.22372792894230226
113200.0,0.5566739611654483,0.6458405469265417,0.3218895792569965
113300.0,0.48532043863632135,0.7719610552960657,0.22286796283940205
113400.0,0.4983621503511094,0.6790888981688767,0.3263769483583455
113500.0,0.6055747548773361,0.6995121860729414,0.25302782818712877
113600.0,0.6172528203111142,1.1329799386193335,0.2837551388973079
113700.0,0.4831065661330358,0.6480848646366212,0.22510208497272108
113800.0,0.5213008904392773,0.6693091189496336,0.25166707427139046
113900.0,0.5649837233536527,0.6396008829490747,0.2552519152842579
114000.0,0.5699749349506746,0.5176831817468628,0.2318573691740749
114100.0,0.5928976321996597,0.619391110972967,0.24847820512446925
114200.0,0.809917366143549,0.7193755560147691,0.29533902765825043
114300.0,0.7790469553582953,0.6659856081279868,0.264014358207176
114400.0,0.5831817646165146,0.4752486171995697,0.26237894735115697
114500.0,0.54952372703937,0.6495488419419271,0.24067315802050873
114600.0,0.5420702415757988,0.7663739308564108,0.2306014713005279
114700.0,0.5251949940279301,0.7042388962277037,0.22558232332815537
114800.0,0.5873858656723169,0.862013887314155,0.2566600624134007
114900.0,0.5649169070618809,0.8370858673937329,0.24046445943895378
115000.0,0.5087014403161011,0.4914422549382434,0.23260426036917486
115100.0,0.5452408827250765,0.5808953764956969,0.24238475297534023
115200.0,0.6564779114355043,0.7217020837294112,0.28690231193773796
115300.0,0.5780463245913852,1.0734110816835891,0.2605990221218963
115400.0,0.513326322350942,0.6355483923137654,0.21129997379324048
115500.0,0.5328129043143126,0.6518626022903481,0.2331534027980524
115600.0,0.5886302081119502,0.5569820383200713,0.2363504049822513
115700.0,0.5806724689709373,0.6057151355259413,0.2506815049785364
115800.0,0.6920672836465529,0.9168643796318794,0.257530788324686
115900.0,0.6082973379740142,0.7228834251665395,0.3692175787761517
116000.0,0.5161066127754457,0.6381407127926941,0.3194371415977657
116100.0,0.5057803900366415,0.6769505589832842,0.2725073950066289
116200.0,0.5385987048631069,0.6412238354826114,0.26274173679261004
116300.0,0.38548769673079375,0.6259046580483265,0.20690702976481407
116400.0,0.5059363367912593,0.7652661839225038,0.2495864121753839
116500.0,0.400435883093538,0.36172972845670304,0.23787838308807116
116600.0,0.5668001141721616,0.6706495465207554,0.2360099156901124
116700.0,0.49364377595915,0.3964953841696843,0.2697361164983595
116800.0,0.530169446389249,0.71428921288508,0.2542871686209401
116900.0,0.5227557018100051,0.4885049432064406,0.21634262577048502
117000.0,0.6066106778028189,0.46664232369873204,0.28317544526612615
117100.0,0.6855891733566531,0.638571955503634,0.26020015923262696
117200.0,0.5762458863993816,0.5800544643795874,0.28065248576443996
117300.0,0.7193465131035773,0.9101331419360941,0.29641916309852967
117400.0,0.5928327612624853,0.7383239257914247,0.3014039588963787
117500.0,0.6174375736763177,0.5152617221409456,0.27859947240704785
117600.0,0.5235486292792193,0.7492812245178212,0.24249775691860123
117700.0,0.45818101233968633,0.5650431358668719,0.22896265676940675
117800.0,0.49509609337410077,0.6047361916696827,0.27966413226557785
117900.0,0.6218204823577251,0.5213467069347099,0.2264001590383705
118000.0,0.45650110496999696,0.6554723543688015,0.243049299642531
118100.0,0.473982821536978,0.6370957900177163,0.2698560062867182
118200.0,0.5829518897218222,0.7965267353768868,0.2729098903570266
118300.0,0.47048048110643864,0.5802617885313521,0.2637238693892141
118400.0,0.4596240478050312,0.4619276493462676,0.20508794398978356
118500.0,0.44516319903542173,0.6575323358364403,0.21194994128731195
118600.0,0.4497190298661008,0.6238038845999981,0.20694322320300854
118700.0,0.5103657528960903,0.6263402398132312,0.24143768719988296
118800.0,0.5524640524560236,0.8870097978709381,0.23394337698150774
118900.0,0.44024770370655464,0.37685715055454055,0.22030918033784838
119000.0,0.510655623611383,0.3956019951108901,0.22021076002385237
119100.0,0.5270663226154575,0.4930878447985161,0.21014545976478258
119200.0,0.549393523173465,0.5112835762799659,0.24688214610205614
119300.0,0.4829149270936905,0.6857321254785347,0.23806123642346938
119400.0,0.6035370770102307,0.5970381862937938,0.232663986552594
119500.0,0.6257072284641326,0.8257403137210932,0.27517605842484044
119600.0,0.48032437263272004,0.7820250508928439,0.25203495986032065
119700.0,0.48715211453294616,0.4971765745679731,0.28401920819358206
119800.0,0.5702627782976196,0.5026104785863427,0.2593335109234322
119900.0,0.5510676132050285,0.6489798426252673,0.22253626015406916
120000.0,0.5796562848415341,0.7693176786300027,0.3142514058409433
120100.0,0.5313269649704162,0.6687964322255284,0.24666366674247545
120200.0,0.5007314259393315,0.6333434229918349,0.25669644003480785
120300.0,0.4738345536577981,0.4596506422364327,0.2428574338949693
120400.0,0.5136573369744875,0.4722671287682315,0.23457263974467057
120500.0,0.545357813428418,0.5913408058509813,0.31598669128649637
120600.0,0.523062845416076,0.6326486159765626,0.20357261341818958
120700.0,0.49370053743352765,0.6252754845950985,0.24708488838427
120800.0,0.3769678962859907,0.3593935440899222,0.19826051199206268
120900.0,0.5636959007077385,0.578081519624422,0.23955686070740922
121000.0,0.49580646721046656,0.5389512255310256,0.23387507554978945
121100.0,0.4544978474144882,0.5558402883732925,0.2482495629460027
121200.0,0.44257289816261614,0.46013768397973037,0.2114054934947344
121300.0,0.4940719545831088,0.6891447582958208,0.23948093968123435
121400.0,0.43869897941005187,0.4909513875291158,0.19204680117062528
121500.0,0.5935079575815179,0.5565838708163064,0.29464708675193835
121600.0,0.48562148422171597,0.5889325507259928,0.2722047460730246
121700.0,0.6032357537486532,0.6102200466234062,0.262490298568533
121800.0,0.5084913589068746,0.5226125088398985,0.25177602346544153
121900.0,0.5552300798998039,0.6913797664880694,0.2683945956760144
122000.0,0.44688749695578006,0.7074468323066538,0.21751340904124664
122100.0,0.4582396420362348,0.4369015919871163,0.19953873811583617
122200.0,0.43343528612225785,0.452416959647031,0.22916702284631904
122300.0,0.5120077734168735,0.4899043996289256,0.3685899129845784
122400.0,0.48594735385090465,0.56032651414469,0.23736873161571564
122500.0,0.5190839519723085,0.7826352960114892,0.23225090838668988
122600.0,0.5366280120845186,0.6166177212663752,0.2675910791597853
122700.0,0.43508518992859174,0.6915335736314592,0.19785426196260958
122800.0,0.6214736951034283,0.5731460235343548,0.25603395087161335
122900.0,0.500847043739719,0.6070574916712649,0.2910783509437751
123000.0,0.5471246905603913,0.6638973369583545,0.297290988428751
123100.0,0.6594972130659152,0.6458224503312084,0.29016156559239603
123200.0,0.4085650912698183,0.3996604241845489,0.21330627525143792
123300.0,0.4166478205067687,0.5572872139663668,0.2446630982517381
123400.0,0.4453317896512162,0.633284565828275,0.178702866763575
123500.0,0.46697398925761807,0.6889134545915294,0.2799538898610626
123600.0,0.6716489230660372,0.4834164523435465,0.28951277501240835
123700.0,0.48238860051293153,0.6053445628441696,0.24406181295448914
123800.0,0.5338654999130813,0.6722290398348123,0.2355748167038255
123900.0,0.4497760093037796,0.5659981954234536,0.1859094347547507
124000.0,0.44301741582926474,0.5765205163834617,0.23185301761626032
124100.0,0.5365497963840898,0.6088161151142558,0.2570436010155245
124200.0,0.5757335113195877,0.4738272579136537,0.2200033691456483
124300.0,0.560905323438812,0.7773890368608991,0.25044902209800785
124400.0,0.5986771022595349,0.5140656839129224,0.27011523673424376
124500.0,0.5544197638266778,0.48996613430834257,0.2446982901599258
124600.0,0.49186909915917204,0.7189432641609457,0.22782956258318152
124700.0,0.5394746017071593,0.6681491380010266,0.31447878930330625
124800.0,0.4890300964919733,0.643417242953001,0.2200486042511184
124900.0,0.5378175499916834,0.5322223040778481,0.26113866189058166
125000.0,0.4501199524452386,0.42767659407437897,0.25167205563286554
125100.0,0.40784997404407475,0.3852645709218341,0.21117590478097553
125200.0,0.471154429871327,0.5209141064440773,0.27959402052569204
125300.0,0.47034471241646686,0.5319436553331034,0.21522596015513412
125400.0,0.45886425966105887,0.6242413371500443,0.2372272235429846
125500.0,0.5489042219867697,0.815544298571942,0.2661408374365128
125600.0,0.5592555298725201,0.651885402336251,0.23642644544132052
125700.0,0.4932558316478389,0.7590450842254213,0.23273898120221564
125800.0,0.5678090101888229,0.7224289293795592,0.23803090282986522
125900.0,0.47900409141837735,0.7781205698556733,0.230457647868403
126000.0,0.5327967699298751,0.7862737520867958,0.22555852742629945
126100.0,0.4881342806371395,0.6613639108472271,0.29281578795472163
126200.0,0.4163727190282661,0.6208777172944975,0.1976736636378919
126300.0,0.4618191301849147,0.4860690075780731,0.23424643170455237
126400.0,0.5263760495097376,0.7145390877160536,0.2545635698680417
126500.0,0.4559776150458492,0.43767526538108364,0.2119731985415565
126600.0,0.4774469643806515,0.558971962404321,0.22375036373449259
126700.0,0.47223667276828196,0.48283656756178245,0.26741283888230105
126800.0,0.6096435394108413,0.7984437701477727,0.3213461385642877
126900.0,0.6337104381655517,0.4709305284946458,0.26014148166993983
127000.0,0.5041528021027334,0.6361110378339945,0.2643575707171985
127100.0,0.5876509428181161,0.49748558797180886,0.2523917211620719
127200.0,0.500268027384678,0.4939385218548704,0.24832479738252006
127300.0,0.4830394442915858,0.8039931673843821,0.2529674265772628
127400.0,0.38662103496771305,0.5136032967390783,0.210811181459896
127500.0,0.47126246196689314,0.8175717845714825,0.22271731775166698
127600.0,0.5777956271382864,0.8697152697132842,0.2727534245893476
127700.0,0.4838207865999138,0.7632938440323633,0.2377422644555336
127800.0,0.6002267296809587,0.8399109466626251,0.276554725959053
127900.0,0.38589399396936647,0.5353827613272879,0.177442932433245
128000.0,0.592605978335545,0.4935697076426586,0.31878321529267123
128100.0,0.5296866867308272,0.4563632605664315,0.22279439344303684
128200.0,0.43430712763298657,0.46254390327786676,0.2022221128786041
128300.0,0.49889285175164694,0.6542117853644595,0.24056601797873736
128400.0,0.42890765286298127,0.6318116478123411,0.22954117609554667
128500.0,0.543424951787485,0.6423188150645293,0.24110450113812112
128600.0,0.43160222351964334,0.5344618537116621,0.2461855650809884
128700.0,0.5519789841317688,0.64474881916921,0.2753197642162268
128800.0,0.5032440345243958,0.5800835075764625,0.25901135128427993
128900.0,0.5716266898115283,0.8308769388762594,0.2701595668870141
129000.0,0.7183511016554258,0.6197885792725137,0.22543217466663917
129100.0,0.45457718889415266,0.791335864564695,0.27570567966744425
129200.0,0.5501467592180416,0.5025537805020868,0.2735379580225853
129300.0,0.4579515631923277,0.6005655220060435,0.23912283218459923
129400.0,0.4199712213853199,0.7523202732817735,0.23409982855635464
129500.0,0.46880052076707945,0.7607478300700313,0.24566958232122124
129600.0,0.5341230734292186,0.991497515425668,0.25099703451877575
129700.0,0.5472907936508999,0.6596815076323692,0.27495035358864695
129800.0,0.5140971773082565,0.5741613564167929,0.2541147530412709
129900.0,0.5232354192751227,0.6423530599958323,0.27087717403142597
130000.0,0.49374181731394484,0.5879503831986513,0.2561800468601868
130100.0,0.5955017979822005,0.6011883506212616,0.2836221930445463
130200.0,0.5280853296514542,0.9712197961325291,0.2666184540410759
130300.0,0.561885775273695,0.6465628159255431,0.2718452026086743
130400.0,0.5734725516164617,0.6477689901127015,0.23354351398773723
130500.0,0.5629476838509435,0.7086975236568833,0.20591132517353977
130600.0,0.4590058433400991,0.4517644284735434,0.2340712218915578
130700.0,0.5183010751334368,0.5409106822578761,0.23016942827322057
130800.0,0.5249639029678947,0.5647861163741618,0.20257892949882078
130900.0,0.5133339974374393,0.5812361039294046,0.23568617774610176
131000.0,0.47507605581011736,0.8340905207025935,0.26671076544505196
131100.0,0.7253685015091614,0.8647544134100318,0.2748201255586464
131200.0,0.4880754326555179,0.9232704443769763,0.2270399357576971
131300.0,0.5337636012212024,0.5294102597419987,0.2545183695681044
131400.0,0.5750804268235805,0.8077480015771581,0.26338301104085987
131500.0,0.43859802046901314,0.5085015527179347,0.21535761476994955
131600.0,0.6685165310426965,0.749475468873803,0.261911258462118
131700.0,0.598063210159191,1.4591346542325918,0.24315501176216642
131800.0,0.5669356256161118,0.7122396964216022,0.248397434559185
131900.0,0.5275256892958422,0.6804029009583173,0.19464466413890477
132000.0,0.5461650669030496,1.0773985704387306,0.23816322705510537
132100.0,0.5502681561327771,0.8398677641226096,0.3076003107539146
132200.0,0.5470781991653494,0.57846043545875,0.301913809573336
132300.0,0.42858561880950585,0.4500869003122207,0.22140908872790166
132400.0,0.5203010719219455,0.576762679798412,0.2115898661026149
132500.0,0.5961632574315299,0.7468024163824738,0.24652602042153013
132600.0,0.45096149918704753,0.5269186933367164,0.24581864382466306
132700.0,0.5480232858215459,0.6255535333671141,0.23460012697573984
132800.0,0.5104867700712639,0.5766927983270143,0.2170575662977062
132900.0,0.6495337587868562,0.7309108569169765,0.24938173570111397
133000.0,0.7015400585068854,0.7220103230617825,0.3118164526713663
133100.0,0.5401453252352075,0.8626496529021533,0.2396468015796854
133200.0,0.6657991310387151,0.8270266578473965,0.3116008829045459
133300.0,0.5169141634146217,0.8556016837727511,0.23734674765612002
133400.0,0.5107844273757655,0.7754024602434948,0.2708079923128243
133500.0,0.7953644804498181,0.7760452923919074,0.3482696646151016
133600.0,0.5466045506655355,0.6167282199945766,0.2819025760196382
133700.0,0.600314552411437,0.6751991331282771,0.23997234564024256
133800.0,0.5661182787930011,0.6613620261333417,0.2273348449557088
133900.0,0.512025789650157,0.5390954103449476,0.23483155190944674
134000.0,0.48528054473211524,1.1305715061369122,0.22703623761393826
134100.0,0.588606274157355,0.9168891986873933,0.25499990277789764
134200.0,0.6468794513687608,0.7171209220800083,0.29502506228844866
134300.0,0.45638439460954394,0.651696431973949,0.26574651722685666
134400.0,0.5639814034543814,1.0202326777494162,0.21737175204337106
134500.0,0.4736152303466806,0.4438649700261886,0.20586337215878303
134600.0,0.5497513631343608,0.6314612426420207,0.24226203579915456
134700.0,0.5115192018525558,0.5851454161056899,0.2040210795774474
134800.0,0.47020074674696666,0.8425466028549128,0.24670930696552382
134900.0,0.6336537228494998,0.6721375313414029,0.23823021337133832
135000.0,0.6231254529771977,0.8352732843898121,0.27471001449692994
135100.0,0.6828982164674089,0.6649533478004159,0.2615339049546165
135200.0,0.4989029450742528,0.5622755409505334,0.24225295271247163
135300.0,0.5597507931853761,0.5762187761343667,0.2387696183272637
135400.0,0.6955278362957761,0.5526421281605144,0.2582779584408854
135500.0,0.5232563782958314,1.0693545741075068,0.22025795411772559
135600.0,0.6104532305361354,0.5400698107745848,0.22831487808347445
135700.0,0.42085346517257854,0.6079454357600189,0.25876250660710504
135800.0,0.6158325596358627,0.878315410061681,0.340622410808166
135900.0,0.5317872313697007,0.5693432663292624,0.2609062681422802
136000.0,0.4914057102830266,0.6338836753315409,0.251224482117861
136100.0,0.49588348634087015,0.6762064400326926,0.26015320354379945
136200.0,0.43575678505987164,0.45214503534440886,0.19657016507396474
136300.0,0.580199306969007,0.5330610626782291,0.24454415284545394
136400.0,0.4544400968608679,0.6046805701339617,0.29703877242479937
136500.0,0.5048362092690077,0.7201935368619161,0.23801134872622787
136600.0,0.4321342139288317,0.686844077709131,0.2712537732945056
136700.0,0.5544238859088508,0.6588722915652324,0.30063939719414334
136800.0,0.47912348223361184,0.8574315128778689,0.2951662355621811
136900.0,0.509619632564718,0.6817701850117882,0.23565049195295434
137000.0,0.522663413792674,0.6801066359865363,0.3091151479207911
137100.0,0.5736804342065589,1.1650347217456438,0.29770567566313544
137200.0,0.4100661527474877,0.36657391388731775,0.1964751147889765
137300.0,0.5127692511049682,1.3697274603355907,0.22941683703562016
137400.0,0.4805461817832547,1.3911987774471055,0.2824759825229412
137500.0,0.5797547570965254,0.6357035983931274,0.250364455746836
137600.0,0.5377189380380442,0.4992864785224665,0.2624524895833456
137700.0,0.5269948825445608,0.4960981825506896,0.22704472066153542
137800.0,0.5777854966651648,0.6505330336967018,0.25756980897136966
137900.0,0.5557195924047263,0.5564273596943823,0.25276155888312496
138000.0,0.6354010049063363,0.8783402137257508,0.27891096582880703
138100.0,0.5554287143181428,0.5590940607353696,0.30760352112312106
138200.0,0.6702888031423208,0.7277215138043975,0.25616297267214394
138300.0,0.4983969018586213,0.5408675875696354,0.2385490775615326
138400.0,0.5380355298413779,0.5285535498629323,0.24557100945978894
138500.0,0.4574237616162863,0.6832769879192346,0.2600535246984218
138600.0,0.5247663916096208,0.8483912056109404,0.2384794014631771
138700.0,0.4889351816909039,0.5980430353133707,0.25960873964149506
138800.0,0.6176835938394069,0.6184461524398649,0.24261032287386475
138900.0,0.5535829927694867,0.5219799288199283,0.276448183318309
139000.0,0.5374432641708408,0.6835060382654192,0.23617921650130302
139100.0,0.5330002270820551,0.6900833392736385,0.26240331008762585
139200.0,0.6043136881011305,0.6077135555548011,0.2679406399442814
139300.0,0.5843485240427544,0.6200057704442298,0.2120967133945087
139400.0,0.4830168525849586,0.4949617857669364,0.26202866786159573
139500.0,0.6999623608569383,0.6916689985901466,0.26437063194299115
139600.0,0.46096535511780534,0.6142604197768378,0.2392640466692392
139700.0,0.5872381392027017,0.6597264755881043,0.32335890854679744
139800.0,0.5454948551589623,0.7003390315331053,0.2515953484004131
139900.0,0.44887291472719515,0.5811132768670795,0.24814724550605752
140000.0,0.49535727025754744,0.5898528472202016,0.2581558775808662
140100.0,0.41362527101894375,0.5456070693805232,0.19520739038375903
140200.0,0.5135398889665376,0.575941006682173,0.2684115590162692
140300.0,0.5302442541982746,0.863182616615726,0.29240981533814925
140400.0,0.5476123956638622,0.7280007721419096,0.2651111544164596
140500.0,0.5053852742007002,0.8963457942653912,0.25893391907541086
140600.0,0.5028654667668161,0.5417470505141537,0.2192566762797651
140700.0,0.5610836261813529,0.5614579145830357,0.24674416037398622
140800.0,0.4475587471764301,0.5731829632302979,0.17232973537780344
140900.0,0.6425655559788573,0.9891943711178028,0.2687698186014895
141000.0,0.6967147199533065,0.7438656267998158,0.2876072027311311
141100.0,0.8354991063651397,0.8291479023988941,0.2860617721381714
141200.0,0.47128833023522754,0.5734291567132459,0.23806322318618184
141300.0,0.5578520951721584,0.7072075503435336,0.2474481623476604
141400.0,0.6448715579116251,1.108602150278399,0.267309778059076
141500.0,0.4248666806021938,0.5366318679141113,0.26370811921218407
141600.0,0.5656549309877446,0.6539049523451831,0.23058350850176068
141700.0,0.5217833084550803,0.7539258753259201,0.24819211143866413
141800.0,0.6466168302271981,0.7688961227046094,0.2560989393790951
141900.0,0.47739720071916236,0.7464877290567384,0.22356391708948647
142000.0,0.5187181570333779,0.7976029446140165,0.17726496959122598
142100.0,0.6290274006846592,0.6017425122293062,0.26407731025025716
142200.0,0.4196807759645744,0.6998221089086728,0.20919303267687792
142300.0,0.4301124802689883,0.5619156587673934,0.22358698924013876
142400.0,0.4893858449565596,0.7168111635354,0.23569128223136068
142500.0,0.5209123923361767,0.50360057287378,0.29735844157793323
142600.0,0.4566052619251423,0.8267446586444859,0.19850081518496157
142700.0,0.5753580337488092,0.5147700360246816,0.2588612314811908
142800.0,0.5537498755364213,0.6109009802356595,0.29470619086251826
142900.0,0.5154541483100621,0.7741928568541769,0.3017996461599832
143000.0,0.5299827238746221,0.5348539054893772,0.260915755536349
143100.0,0.6036059237042791,0.5330586166419089,0.27234307460946733
143200.0,0.7386784181385884,0.49568484107201216,0.29847746235784134
143300.0,0.6603744893219555,0.9966688237349736,0.2900545582829509
143400.0,0.5171602080384619,0.5319288914476056,0.26729092172544916
143500.0,0.6194570214576088,0.61590592839662,0.21431418242660585
143600.0,0.5683937503410853,0.8261987414850737,0.30377711891039505
143700.0,0.5289102482692105,0.619460711062362,0.24595782267331381
143800.0,0.4525247107001487,0.8170354108618921,0.22894600245205216
143900.0,0.6587726821717224,0.6286038463791483,0.26503225349006243
144000.0,0.48962358566239705,0.39727935738407544,0.22477892606379463
144100.0,0.5278133842793176,0.7525232327051926,0.25258303613512545
144200.0,0.46522945101832736,0.7068589410779532,0.21769122628169132
144300.0,0.4544337142982985,0.6157591503542499,0.18731044119683793
144400.0,0.537059974483098,0.7530715887780535,0.20459200854960366
144500.0,0.4268171274285996,0.4331836781877792,0.19029658904747337
144600.0,0.48604692311235703,0.5266111265409272,0.20905352260405197
144700.0,0.5325536465473706,0.5133538249555859,0.21769796226744073
144800.0,0.5534463264542283,0.5321502992113237,0.2845752681504819
144900.0,0.4721023843542788,0.4507179339111317,0.2528484190204763
145000.0,0.5750317745706999,0.6132772796506178,0.2448407201201189
145100.0,0.6145704876653617,0.8700218507895479,0.27677269378787606
145200.0,0.5861003756537684,0.6412344528511167,0.2886944621504517
145300.0,0.48523643480869944,0.8805677091811084,0.22237711705040417
145400.0,0.518177016523201,0.6559711949388147,0.2135174687592662
145500.0,0.6515065662608831,0.5657024436577339,0.263978710106283
145600.0,0.5174472146351472,0.516003260083089,0.2540923054664745
145700.0,0.5240811297595501,0.48129196627490456,0.21408901503845118
145800.0,0.4825174038838013,0.620298219584336,0.25361747456359446
145900.0,0.568358910321549,0.976170700251183,0.23257676495535998
146000.0,0.43226103197655175,0.6192173851875122,0.24028251224406993
146100.0,0.5684111456007813,0.5543874521811958,0.2933090005986742
146200.0,0.43964228145172823,0.6648983265621937,0.23087417691864537
146300.0,0.5929072115794989,0.7857325759400264,0.2507002508313744
146400.0,0.5929787813644507,0.6767661673400436,0.25185837926284876
146500.0,0.52534152455593,0.6864375756445806,0.24458976810990132
146600.0,0.5628236335819238,0.6872110857864608,0.2674056965277996
146700.0,0.4507665511269588,0.5322889577788301,0.20044419119402299
146800.0,0.46841233427351103,0.6477114205913967,0.2439601260146592
146900.0,0.41740670587704515,0.4474265852762619,0.23156487028242556
147000.0,0.5391326581897447,0.9144331455891951,0.2906404636008665
147100.0,0.4949807795832748,0.5636386455617031,0.21779892266157547
147200.0,0.4995856653759838,1.1018398414421828,0.274697331201809
147300.0,0.4010880616934737,0.46151835690560983,0.20799484025378473
147400.0,0.6005249433013378,0.5778582083074143,0.25316261653241234
147500.0,0.5560746656086413,0.5158675972712808,0.2398923759832396
147600.0,0.5559990257186583,0.8113071232016082,0.2655382209392847
147700.0,0.4321698066666141,0.5890295953498572,0.22808043592813193
147800.0,0.7289017975085881,0.7481707048125681,0.2820057481186814
147900.0,0.5275429213747849,0.4627221616828464,0.25899344437068794
148000.0,0.5539736148962984,0.6231374858641066,0.26141655721387363
148100.0,0.3920970773166628,0.5414095023164991,0.2572676308112568
148200.0,0.6409058283888153,0.5352846323366394,0.27358158066048055
148300.0,0.5279523664244916,0.5789326024575276,0.2712890363179031
148400.0,0.5963207030548946,0.547332364210044,0.2668595977186924
148500.0,0.5245711036616122,0.6463071867185063,0.24073599919577832
148600.0,0.7146715258806944,0.9365806914228596,0.2599441137816175
148700.0,0.6037556635204238,0.5030978469338734,0.23153443651803535
148800.0,0.43503304319159364,0.8498604875181919,0.23052622654457808
148900.0,0.510391033483087,0.8193978900076472,0.2384607043383876
149000.0,0.530088317820686,0.5912471894284245,0.2173364307463635
149100.0,0.44100058026087935,0.5149230548819761,0.2513107952664141
149200.0,0.47270422354131003,0.467100856713485,0.21822164982021786
149300.0,0.541268431670207,0.7756700545105268,0.2775710555818514
149400.0,0.6410845270269783,0.672990044731705,0.2381283093648381
149500.0,0.6562434941451064,0.7435471994011895,0.3222833581618615
149600.0,0.5615467651920626,0.6363163790440886,0.2174931510853348
149700.0,0.4729485039354186,0.4847593168411405,0.20705056594189958
149800.0,0.4997344041894539,0.9487567739177611,0.22731937176571232
149900.0,0.5771830431956915,0.9712627097720399,0.2759283044360345
150000.0,0.578726005387085,0.7232419425628615,0.2523063760676887
